Title,Time
"kgt11x",2026-08-30T12:53:45.0530000Z
"sn621n",2026-08-29T09:12:35.9850000Z
"z228bh",2026-08-28T19:16:25.3640000Z
"kjv90l",2026-08-28T18:56:23.5280000Z
"kls90p bentley",2026-08-26T15:08:59.6870000Z
"kls90p",2026-08-26T15:08:47.5610000Z
"59tpnb",2026-08-26T15:08:32.4090000Z
"z228bh",2026-08-26T09:21:48.2460000Z
"tv456z",2026-08-25T13:48:45.5650000Z
"zs917h",2026-08-23T15:29:40.7090000Z
"kph32b",2026-08-23T15:21:01.8300000Z
"ph928k",2026-08-23T12:00:29.4070000Z
"l284dp",2026-08-22T15:44:17.5380000Z
"3sfs37",2026-08-18T18:13:27.9800000Z
"kkl45n",2026-08-17T16:35:28.6970000Z
"khk15n",2026-08-16T18:43:15.4850000Z
"600 lt spider",2026-08-16T18:42:13.7690000Z
"x553kg",2026-08-16T18:35:51.8820000Z
"t816gp honda",2026-08-15T12:14:54.4540000Z
"t816gp",2026-08-15T12:14:42.3870000Z
"xf600k",2026-08-15T11:58:53.2850000Z
"t428xg",2026-08-15T11:51:17.6280000Z
"rb832k",2026-08-15T10:56:10.9000000Z
"hdl70j",2026-08-14T18:36:36.9930000Z
"gk0736",2026-08-10T18:48:05.0550000Z
"pfvf73",2026-08-10T11:08:42.9350000Z
"p841pt",2026-08-09T17:52:27.1610000Z
"np649k",2026-08-08T15:26:29.5870000Z
"jjz35k mercedes benz amg gt",2026-08-08T14:20:50.4950000Z
"jjz34k mercedes benz amg gt",2026-08-08T14:20:25.2040000Z
"jjz34k mercedes benz",2026-08-08T14:20:15.8710000Z
"jtf39x",2026-08-08T14:19:39.9810000Z
"zb530h",2026-08-08T14:16:43.7770000Z
"jln33v",2026-08-07T10:57:17.4660000Z
"t311dd",2026-08-03T15:44:42.5750000Z
"61hdk5",2026-08-02T19:16:10.8030000Z
"hlz83n",2026-08-02T18:22:33.0700000Z
"jln33v",2026-08-01T19:17:23.7200000Z
"nhlt87",2026-08-01T16:52:53.7490000Z
"kgp73l",2026-08-01T14:02:55.8040000Z
"l495zs",2026-08-01T12:10:48.1770000Z
"jln33v",2026-07-31T13:00:29.9930000Z
"klp28v",2026-07-30T14:59:15.6530000Z
"jln33v",2026-07-30T10:42:28.7220000Z
"kpd13j",2026-07-26T14:45:47.1930000Z
"rj361s",2026-07-26T08:15:23.3740000Z
"jln33v",2026-07-25T14:57:05.6650000Z
"gkg18f mercedes",2026-07-25T13:30:08.5750000Z
"gkg18f",2026-07-25T13:29:39.3540000Z
"jjn31g",2026-07-25T12:00:22.6170000Z
"gxk75f",2026-07-24T11:05:24.2420000Z
"kgb31z mercedes sl",2026-07-24T09:59:10.6930000Z
"kgb31z mercedes",2026-07-24T09:58:59.7780000Z
"kgb31z",2026-07-24T09:58:51.1920000Z
"kgd17k",2026-07-24T09:58:09.2970000Z
"52zhk4",2026-07-24T07:54:13.0190000Z
"k120bf",2026-07-23T13:30:13.0910000Z
"p715dn",2026-07-22T13:40:21.9000000Z
"p175dn",2026-07-22T13:40:09.2220000Z
"hsv03k",2026-07-22T13:39:49.7340000Z
"kld94v",2026-07-21T21:13:45.7850000Z
"jhf80n",2026-07-19T09:21:56.4710000Z
"xn946z",2026-07-18T16:29:09.2980000Z
"4tpr76",2026-07-18T14:54:08.7170000Z
"xn946z",2026-07-18T13:40:28.0650000Z
"g193xp",2026-07-17T11:14:23.5060000Z
"g173xp",2026-07-17T11:14:05.4250000Z
"jzd74v",2026-07-16T10:01:19.5920000Z
"hdb17d",2026-07-15T08:34:04.4980000Z
"kjv73x",2026-07-15T08:33:52.1820000Z
"l117vf",2026-07-14T06:07:05.9210000Z
"jzd74v",2026-07-13T19:01:34.5880000Z
"4ths57",2026-07-13T18:58:58.9410000Z
"z503dp",2026-07-13T14:34:34.8340000Z
"tj746l",2026-07-13T14:21:42.3470000Z
"jzd74v",2026-07-13T14:07:45.4830000Z
"kjv73x",2026-07-13T13:44:24.7000000Z
"hbj87d",2026-07-10T12:50:44.7040000Z
"hxf40d",2026-07-09T17:09:28.1660000Z
"al5636",2026-07-08T15:46:16.5430000Z
"kkn18f",2026-07-07T18:22:10.2230000Z
"kkh18f",2026-07-07T18:21:26.4180000Z
"al5636",2026-07-07T15:59:26.7400000Z
"l480rh",2026-07-06T16:10:27.7570000Z
"l480rh",2026-07-06T13:33:50.0950000Z
"kt189v i8",2026-07-03T15:40:52.0850000Z
"kt189v",2026-07-03T15:40:34.1180000Z
"ghz40k",2026-07-03T14:58:32.0440000Z
"klx06f",2026-07-03T06:42:15.7010000Z
"hrd95l",2026-07-02T14:23:09.8670000Z
"z625dz",2026-07-01T15:38:36.2020000Z
"zr377h",2026-07-01T15:31:06.3550000Z
"kfr78v",2026-07-01T15:27:43.2070000Z
"n784gh",2026-07-01T15:17:23.7210000Z
"hgk89p",2026-07-01T15:16:46.5470000Z
"jv259h",2026-06-29T18:38:43.5920000Z
"kgg05x",2026-06-29T07:33:14.4470000Z
"sg306t",2026-06-28T14:05:24.9360000Z
"jz950b rdw aston martin",2026-06-28T13:44:27.3770000Z
"jzg90b aston martin",2026-06-28T13:42:49.2950000Z
"jzg50b aston martin",2026-06-28T13:41:51.8860000Z
"p179fb",2026-06-28T13:41:22.3350000Z
"r194fk",2026-06-28T13:41:07.0000000Z
"jz950b",2026-06-28T13:40:33.9280000Z
"jzg50b",2026-06-28T13:40:16.9020000Z
"r456sx",2026-06-26T17:07:53.4030000Z
"r456xh amg gt rdw",2026-06-26T17:07:19.8870000Z
"r456xh amg gt",2026-06-26T17:07:01.3970000Z
"r456xh",2026-06-26T17:06:51.1230000Z
"nf338k",2026-06-25T18:42:51.8630000Z
"gfk77g",2026-06-25T18:42:10.1460000Z
"gfk77d",2026-06-25T18:42:04.8560000Z
"gjr28h",2026-06-25T18:42:00.8490000Z
"v88gsl",2026-06-25T18:41:49.1670000Z
"gjr28h",2026-06-23T17:16:18.4590000Z
"gjr28h",2026-06-22T16:47:56.3980000Z
"gjf28h purosangue",2026-06-22T16:47:44.2810000Z
"gjf28h",2026-06-22T16:47:34.1990000Z
"nf338k",2026-06-22T15:45:04.6160000Z
"n784gh",2026-06-22T12:18:52.5440000Z
"n784fh",2026-06-22T12:18:42.1670000Z
"jsl19j",2026-06-22T11:07:51.8590000Z
"klp14g",2026-06-22T11:06:26.8560000Z
"klp14p",2026-06-22T11:06:14.8960000Z
"rv254h mercedes",2026-06-21T11:52:47.3350000Z
"rv254j mercedes",2026-06-21T11:52:36.0930000Z
"rv254j",2026-06-21T11:52:29.5450000Z
"jsl19j",2026-06-21T11:13:32.8860000Z
"hvp79t",2026-06-21T11:13:19.3400000Z
"jzd74v",2026-06-15T17:52:40.2090000Z
"zf228l",2026-06-14T11:49:51.2990000Z
"r636hk",2026-06-14T11:40:48.0260000Z
"jzd74v",2026-06-14T11:32:48.2200000Z
"x473pg",2026-06-13T12:55:13.7940000Z
"jtz12x",2026-06-13T12:14:29.7560000Z
"l284dp",2026-06-10T17:47:59.5630000Z
"12ztx5",2026-06-10T07:17:30.1000000Z
"12tzx5 ferrari rdw",2026-06-10T07:16:36.4530000Z
"12tzx5 ferrari",2026-06-10T07:16:27.1420000Z
"12tzx5",2026-06-10T07:16:18.8500000Z
"11tzx5",2026-06-10T07:16:06.5480000Z
"vhv64n",2026-06-08T19:19:16.1360000Z
"vhv64n",2026-06-08T14:35:34.4200000Z
"8635rs",2026-06-07T12:37:32.8400000Z
"r374pg",2026-06-07T11:51:11.6810000Z
"l867xf",2026-06-07T11:18:17.7460000Z
"87 gbp",2026-06-06T15:41:58.0770000Z
"hfz15x",2026-06-06T11:45:38.9980000Z
"t001xs",2026-06-06T10:57:01.2330000Z
"dz5529",2026-06-06T10:51:19.5800000Z
"hzk38f",2026-06-05T16:58:14.7460000Z
"gpk01s",2026-06-05T14:54:44.3000000Z
"84prv3",2026-06-05T13:25:54.8800000Z
"gx645p",2026-06-01T08:12:58.6300000Z
"zk086f",2026-05-31T13:46:58.9400000Z
"jbl30k",2026-05-31T13:15:39.2500000Z
"de6338",2026-05-31T13:15:24.1090000Z
"hj660f",2026-05-31T11:42:20.3650000Z
"k767bd",2026-05-31T11:19:37.8870000Z
"sb785p",2026-05-30T19:54:44.8250000Z
"sb758p bentley bentayga kentekens",2026-05-30T19:53:29.0130000Z
"sb758p bentley bentayga",2026-05-30T19:53:09.0060000Z
"sb758p bentley",2026-05-30T17:39:14.4670000Z
"sb758p",2026-05-30T17:39:07.7750000Z
"sb748p",2026-05-30T17:38:57.7750000Z
"x467pl",2026-05-30T09:13:24.9820000Z
"tb353z",2026-05-30T09:12:58.6820000Z
"gz48tx",2026-05-26T11:45:37.3840000Z
"kjg76v",2026-05-26T09:03:46.7410000Z
"gh872l",2026-05-25T12:28:13.3930000Z
"kb637z",2026-05-25T12:27:18.3370000Z
"jkh94b",2026-05-24T17:27:26.0810000Z
"t898hn",2026-05-24T11:47:26.9960000Z
"kb 621 j mclaren rdw",2026-05-23T17:53:18.2040000Z
"kb621j mclaren rdw",2026-05-23T17:52:40.0210000Z
"kb621j mclaren",2026-05-23T17:52:27.3020000Z
"kb621j",2026-05-23T17:52:19.0350000Z
"kb621j",2026-05-23T14:35:31.7270000Z
"kbb48s",2026-05-23T13:19:36.2490000Z
"am0611",2026-05-23T11:18:27.9570000Z
"r820vz",2026-05-22T16:40:10.5750000Z
"x883fn",2026-05-21T19:20:20.7270000Z
"hrd95l",2026-05-21T16:15:57.0020000Z
"hdr95l",2026-05-21T16:15:39.6510000Z
"sx502x",2026-05-21T16:15:23.7900000Z
"x883fn",2026-05-21T15:31:54.4090000Z
"9406zv",2026-05-20T08:50:49.1280000Z
"jfv91t",2026-05-20T06:51:40.3830000Z
"kbb48s",2026-05-19T16:53:43.3060000Z
"htv28f",2026-05-19T06:36:06.0070000Z
"s199bf",2026-05-17T14:20:49.6300000Z
"99nsfn",2026-05-17T09:57:47.8480000Z
"pg11rz",2026-05-16T20:19:55.4340000Z
"jpn48k",2026-05-16T16:01:42.6130000Z
"pg11rz",2026-05-16T11:39:58.1850000Z
"hlv78l",2026-05-16T11:39:13.8630000Z
"89hgv7",2026-05-16T11:38:15.3190000Z
"p267jk",2026-05-16T11:37:18.4290000Z
"16 mei rally",2026-05-16T11:35:08.9770000Z
"9tfr47",2026-05-15T16:37:15.1900000Z
"jxv22p",2026-05-15T15:32:08.1440000Z
"gfd10r",2026-05-15T14:17:00.2890000Z
"jhs89k bmw",2026-05-15T14:16:34.0180000Z
"jhs89k",2026-05-15T14:16:24.4480000Z
"92ya07",2026-05-15T12:10:54.4340000Z
"khn37n ferrari",2026-05-15T11:22:10.1100000Z
"cd1984",2026-05-14T16:01:18.2800000Z
"x032vb",2026-05-14T14:23:32.7820000Z
"l713zg",2026-05-13T09:50:17.2500000Z
"64ggt1",2026-05-12T12:41:33.4800000Z
"dl3461",2026-05-09T16:15:34.0880000Z
"x823np",2026-05-09T14:54:26.1000000Z
"x827np g63",2026-05-09T14:54:10.1370000Z
"x827np",2026-05-09T14:53:49.1150000Z
"s034sb",2026-05-09T14:48:50.4860000Z
"jnf70j",2026-05-09T14:46:36.4800000Z
"n846jx",2026-05-09T14:35:34.9830000Z
"l477lf",2026-05-09T13:00:00.5990000Z
"n977fb",2026-05-09T11:38:57.3700000Z
"jnn86l",2026-05-09T11:38:37.3270000Z
"t375sf",2026-05-09T11:37:41.9110000Z
"gs358n",2026-05-09T09:45:57.0520000Z
"8tbn74",2026-05-09T06:44:28.6310000Z
"8tbn74",2026-05-08T18:50:48.6730000Z
"07xdv1",2026-05-08T18:31:18.7240000Z
"z570gg",2026-05-08T14:29:13.4730000Z
"hvv74s",2026-05-08T07:18:40.9190000Z
"hrd95l",2026-05-07T14:28:24.6860000Z
"p149xl",2026-05-07T12:40:26.5960000Z
"r489tj",2026-05-07T12:40:19.8170000Z
"p148xj",2026-05-07T12:39:56.8960000Z
"r489tj",2026-05-07T10:57:01.9490000Z
"jpr08p",2026-05-07T10:07:57.3010000Z
"+31 10 484 37 56",2026-05-06T08:23:53.7350000Z
"x787tl",2026-05-03T15:06:27.5370000Z
"nt975d",2026-05-02T11:43:54.7570000Z
"hzj20d",2026-05-01T13:36:14.7110000Z
"hhl38v",2026-05-01T12:37:51.3410000Z
"k572zs",2026-05-01T10:30:07.0400000Z
"tt109x",2026-04-30T09:14:32.9440000Z
"gbd79j",2026-04-29T14:03:31.0060000Z
"37svzb",2026-04-29T14:02:11.0130000Z
"p434vs",2026-04-29T13:50:42.5560000Z
"t356vs",2026-04-29T13:48:59.0210000Z
"47tdt7",2026-04-29T13:43:45.6310000Z
"l833vx",2026-04-29T13:40:33.8020000Z
"j869kp",2026-04-29T13:40:16.7890000Z
"79sjvk",2026-04-29T10:58:10.8730000Z
"zr377h",2026-04-29T10:13:20.5030000Z
"x065df ferrari",2026-04-29T10:11:26.0850000Z
"x065df maserati",2026-04-29T10:11:07.8430000Z
"x065df",2026-04-29T10:10:50.2490000Z
"jvf88v",2026-04-28T17:19:45.4330000Z
"jvf88g",2026-04-28T17:18:58.6290000Z
"jvf28g lucid",2026-04-28T16:50:00.6140000Z
"jvf28g lucid",2026-04-28T14:04:57.6160000Z
"jvf28g",2026-04-28T14:04:50.6050000Z
"hbf07f",2026-04-28T13:18:09.6850000Z
"s960fs",2026-04-27T15:17:10.5600000Z
"jfb43p",2026-04-27T08:09:52.7080000Z
"ae5088",2026-04-26T08:48:23.9800000Z
"dm4601",2026-04-26T08:31:45.2470000Z
"ar6109",2026-04-26T08:31:26.7360000Z
"al1567 lancia",2026-04-26T08:28:18.3940000Z
"al1567 rdw",2026-04-26T08:28:06.8550000Z
"al1567",2026-04-26T08:28:01.8890000Z
"ah2755",2026-04-25T17:29:23.9090000Z
"dz5547",2026-04-25T14:04:42.5540000Z
"ar6109 kenteken",2026-04-25T14:03:00.7800000Z
"ar6109",2026-04-25T14:02:53.2570000Z
"h400nx",2026-04-25T13:56:09.3910000Z
"k180bn",2026-04-24T13:48:01.5130000Z
"tg087z",2026-04-24T12:43:14.1600000Z
"gsv07x autoweek",2026-04-22T14:30:28.9830000Z
"gsv07x alfa",2026-04-22T14:28:23.7360000Z
"gsv07x",2026-04-22T14:28:11.2090000Z
"xt634g",2026-04-22T14:15:11.6490000Z
"jrz80l",2026-04-19T10:47:39.6000000Z
"rk071z ferrari",2026-04-18T11:21:18.2770000Z
"rk071z",2026-04-18T11:20:50.5890000Z
"jxn97t",2026-04-16T14:58:12.6470000Z
"94hxgr",2026-04-16T13:56:23.7860000Z
"gks47n",2026-04-11T11:34:07.6630000Z
"z625dz",2026-04-10T18:02:20.4280000Z
"kdz77d",2026-04-10T18:00:57.7470000Z
"jvk66p",2026-04-10T18:00:28.5350000Z
"x805bp",2026-04-10T17:59:51.8470000Z
"1tlb70",2026-04-10T10:37:54.6150000Z
"hjd51t",2026-04-07T07:33:43.4740000Z
"jng29h",2026-04-06T12:57:26.9610000Z
"z132ps",2026-04-05T15:58:37.8120000Z
"z733rr urus rdw",2026-04-05T14:32:33.3980000Z
"5zls39",2026-04-05T13:54:27.8510000Z
"x182hs",2026-04-05T11:06:37.3400000Z
"v529jz",2026-04-01T12:09:47.4320000Z
"zb650r",2026-03-29T17:58:03.2630000Z
"l719rn",2026-03-29T14:34:25.6870000Z
"kbp83z",2026-03-29T13:11:56.6200000Z
"n257sh",2026-03-29T13:11:12.9190000Z
"jtf81s",2026-03-29T13:06:04.1730000Z
"t640bk",2026-03-29T10:45:56.0660000Z
"nf973p",2026-03-29T08:44:50.0500000Z
"gfd10r",2026-03-28T17:59:32.8370000Z
"59xjvj",2026-03-28T17:07:53.8020000Z
"gtl14h",2026-03-28T12:29:31.0660000Z
"r360bl",2026-03-27T19:09:34.4210000Z
"r360pl",2026-03-27T19:02:16.1300000Z
"7kpk31",2026-03-27T17:52:17.5330000Z
"kpb95z",2026-03-24T14:50:30.8720000Z
"kbp95z",2026-03-24T14:50:18.3850000Z
"gbp47z",2026-03-24T08:37:53.8530000Z
"r532jg",2026-03-21T19:32:49.0620000Z
"n897jf",2026-03-21T18:24:06.7100000Z
"x073tt",2026-03-21T16:44:04.0260000Z
"gk876x",2026-03-21T12:53:46.0450000Z
"gb595k",2026-03-21T12:53:28.8760000Z
"31rgbk",2026-03-21T12:52:57.4630000Z
"r532jg",2026-03-21T12:37:20.5510000Z
"4xfh10",2026-03-20T16:42:35.0600000Z
"ggd59s",2026-03-20T15:57:05.7640000Z
"ar4875",2026-03-20T11:22:54.1140000Z
"hhn67t",2026-03-20T10:53:55.4520000Z
"t487hp",2026-03-19T15:42:14.1060000Z
"jzd84k",2026-03-18T12:08:50.7940000Z
"jzd84k",2026-03-18T11:18:20.6370000Z
"xh369r mercedes sl",2026-03-17T14:51:19.9310000Z
"xh369r",2026-03-17T14:51:07.9720000Z
"hrh65t",2026-03-17T12:10:44.5760000Z
"xj089z",2026-03-16T19:51:00.8610000Z
"xj089z",2026-03-16T13:44:30.2600000Z
"gfj10k",2026-03-15T20:50:39.9360000Z
"gxf10k lamborghini",2026-03-15T20:49:38.3890000Z
"j077hs",2026-03-15T16:44:26.7200000Z
"r907dz",2026-03-15T16:44:16.7160000Z
"gxf10k lamborghini",2026-03-15T15:42:21.8170000Z
"al8915",2026-03-15T15:01:42.8220000Z
"gfx10k lamborghini rdw revuelto",2026-03-15T14:52:58.3490000Z
"gfx 10 k lamborghini rdw",2026-03-15T14:51:02.5530000Z
"gfx10k lamborghini rdw",2026-03-15T14:50:41.7400000Z
"gfx10k lamborghini",2026-03-15T14:50:29.7190000Z
"gfx10k",2026-03-15T14:50:21.4510000Z
"gdv37j",2026-03-15T14:49:48.4510000Z
"ng378k",2026-03-15T12:15:44.2860000Z
"16jfs5",2026-03-15T11:46:04.7240000Z
"16jsf5",2026-03-15T11:45:28.8910000Z
"s584pk",2026-03-15T11:33:55.0830000Z
"r061kl",2026-03-15T10:25:21.7170000Z
"jxb05f",2026-03-14T16:45:06.1350000Z
"jgk05f mercedes g580 rdw",2026-03-14T16:43:02.3740000Z
"jgf 05 f mercedes g580 rdw",2026-03-14T16:42:11.1430000Z
"jgf 05 f mercedes g580",2026-03-14T16:41:43.1220000Z
"jgf05f mercedes g580",2026-03-14T16:41:01.6280000Z
"jgf05f mercedes g electric",2026-03-14T16:40:42.0350000Z
"jgf05f",2026-03-14T16:40:23.5080000Z
"x035sh",2026-03-14T14:54:06.8420000Z
"x035xh",2026-03-14T14:53:36.7120000Z
"bb128v mclaren",2026-03-12T20:49:05.2430000Z
"hxp54x",2026-03-12T14:50:08.6240000Z
"x588xx",2026-03-12T14:49:51.1330000Z
"hxs69t",2026-03-12T08:43:47.0000000Z
"hks69t",2026-03-12T08:28:28.9160000Z
"bb128v mclaren",2026-03-12T08:28:07.9820000Z
"jh797p",2026-03-10T07:43:37.5880000Z
"k271vl",2026-03-08T18:00:25.0890000Z
"hvx38v",2026-03-08T11:36:01.9810000Z
"27tdt7",2026-03-08T11:34:30.9700000Z
"20tdt7 tesla roadster",2026-03-08T11:32:57.2990000Z
"20tdt7",2026-03-08T11:32:47.3630000Z
"hkn42z lucid",2026-03-05T08:09:54.2740000Z
"hkn42z",2026-03-05T08:09:28.2710000Z
"hnk42z",2026-03-05T08:09:02.4680000Z
"45jght",2026-03-04T14:38:13.8340000Z
"69hpr9",2026-03-04T10:00:30.9570000Z
"hxs69t",2026-03-04T08:49:59.2770000Z
"x162gj",2026-03-03T07:30:56.0090000Z
"gpz84s",2026-03-01T15:31:57.3220000Z
"gkz84s mg cyberster rdw",2026-03-01T15:31:35.3970000Z
"gkz84s mg cyberster",2026-03-01T15:31:17.2800000Z
"gkz84s rdw",2026-03-01T15:31:03.0180000Z
"goz84s rdw",2026-03-01T15:30:53.5830000Z
"goz84s",2026-03-01T15:30:32.6740000Z
"h588rz brabus",2026-03-01T15:29:10.8660000Z
"h588rz",2026-03-01T15:29:05.6540000Z
"s910gd",2026-02-28T17:01:24.9610000Z
"hxp54x",2026-02-28T17:00:31.8550000Z
"jdr62d",2026-02-23T20:23:20.3390000Z
"hhd91z",2026-02-22T15:20:21.8810000Z
"x740df",2026-02-21T18:19:21.9730000Z
"gp862r",2026-02-21T13:23:35.6180000Z
"t694dp",2026-02-15T13:08:03.7880000Z
"t311dd",2026-02-13T10:58:07.9860000Z
"htz51f",2026-02-12T18:38:31.4950000Z
"hnn80t fisker",2026-02-11T19:46:48.1200000Z
"hnn80t fiker",2026-02-11T19:46:41.0540000Z
"hnn80t",2026-02-11T19:46:27.8040000Z
"hhn80t",2026-02-11T19:46:07.5850000Z
"htz51f",2026-02-11T12:54:02.5810000Z
"t311pd maserati",2026-02-11T11:17:02.1240000Z
"t311pd",2026-02-11T11:16:54.0160000Z
"hxr77d",2026-02-08T14:45:17.1540000Z
"gfs40x",2026-02-08T10:33:28.3790000Z
"j046fs",2026-02-07T20:48:59.1660000Z
"t642ps",2026-02-07T18:09:25.6570000Z
"h969sg",2026-02-07T18:07:55.9870000Z
"xp330n",2026-02-07T18:07:05.3770000Z
"z434hk",2026-02-02T09:17:36.5420000Z
"hhs26p",2026-02-02T08:38:55.5280000Z
"84znxt",2026-01-23T16:11:52.2840000Z
"r407df rdw",2026-01-18T16:25:20.9580000Z
"r407df",2026-01-18T16:25:06.5490000Z
"dz2902",2026-01-18T15:01:49.3520000Z
"jhg03p",2026-01-18T15:01:40.0480000Z
"jgh03p",2026-01-18T15:00:06.4150000Z
"n846jx",2026-01-18T14:58:21.6310000Z
"84znxt",2026-01-18T14:58:11.3330000Z
"gzg93v",2026-01-18T14:57:40.8850000Z
"jsv50b",2026-01-18T13:20:20.5920000Z
"hkg88l",2026-01-18T13:19:55.0300000Z
"jdl03g",2026-01-18T12:47:25.1830000Z
"jph20k",2026-01-17T12:02:02.1040000Z
"53rkv2",2026-01-17T11:24:42.1460000Z
"zb034g",2026-01-17T10:04:46.1170000Z
"s226kn",2026-01-17T09:58:23.7460000Z
"jdv51f",2026-01-17T09:57:54.0510000Z
"hlt10d",2026-01-15T13:37:46.8550000Z
"hzz69z",2026-01-12T17:17:24.1330000Z
"jhl27f",2026-01-11T16:08:51.1630000Z
"zf228l",2026-01-06T07:55:23.5550000Z
"x073tt",2026-01-03T16:11:48.1070000Z
"jdj72l ford",2026-01-02T15:44:07.5920000Z
"jdj72l fors",2026-01-02T15:44:04.2630000Z
"jdj72l",2026-01-02T15:43:46.8230000Z
"ht393p",2026-01-02T11:07:43.3740000Z
"kt393p",2026-01-02T11:07:25.6760000Z
"p719kx",2026-01-02T10:58:53.0270000Z
"gzl86g",2026-01-02T09:39:01.1770000Z
"gzl86g",2026-01-01T16:29:39.7370000Z
"jhl94b",2026-01-01T00:54:14.5900000Z
"jfk94l",2025-12-31T21:26:39.0340000Z
"t002xs",2025-12-30T15:31:40.2690000Z
"t390gb",2025-12-30T15:31:31.0110000Z
"hsr69j",2025-12-30T15:08:45.5840000Z
"hzh75g",2025-12-28T19:53:49.4240000Z
"dz07yj",2025-12-28T15:55:26.4780000Z
"hzh75g",2025-12-28T15:29:48.3650000Z
"hfs73l",2025-12-28T11:21:39.5180000Z
"gsp88f",2025-12-27T11:58:09.5750000Z
"gsp85f urus",2025-12-27T11:57:48.6530000Z
"gsp85f",2025-12-27T11:57:43.4090000Z
"gsp80f",2025-12-27T11:57:36.1890000Z
"jlf52d urus rdw",2025-12-26T13:49:45.6870000Z
"jlf52d urus",2025-12-26T13:42:08.1180000Z
"jlf52d",2025-12-26T13:41:58.2280000Z
"zb034g",2025-12-24T16:07:21.1890000Z
"zf155x",2025-12-24T13:52:46.1050000Z
"kx287b",2025-12-24T12:17:49.3510000Z
"jhf78v",2025-12-23T13:30:38.1530000Z
"jdr63d",2025-12-21T20:33:14.7040000Z
"jdr63d",2025-12-21T16:06:04.9920000Z
"r543gf",2025-12-21T13:05:54.3400000Z
"s584kp",2025-12-21T11:21:07.3790000Z
"sv559b",2025-12-20T21:16:45.3300000Z
"n019bd",2025-12-20T17:27:35.5360000Z
"nz008j",2025-12-20T17:19:01.0380000Z
"jfk16v mercedes",2025-12-20T17:17:59.4520000Z
"jfk16v",2025-12-20T17:17:46.9410000Z
"k490vf",2025-12-20T14:30:31.6120000Z
"nz008j",2025-12-20T13:48:45.7130000Z
"sv559b",2025-12-20T13:12:12.1460000Z
"sv599b mclaren",2025-12-20T13:11:59.7360000Z
"sv599b",2025-12-20T13:11:53.8160000Z
"hxr77d",2025-12-20T11:46:16.2990000Z
"n823ld",2025-12-18T13:31:39.6780000Z
"hrd95l",2025-12-13T18:41:38.0270000Z
"hrd95l",2025-12-12T16:52:36.9770000Z
"x473pg",2025-12-12T12:24:12.0500000Z
"x473pg",2025-12-12T11:42:30.5830000Z
"29nsx3",2025-12-12T07:37:55.8760000Z
"jdv51f",2025-12-06T16:30:53.4040000Z
"t748jg",2025-12-05T18:44:26.7100000Z
"44ggb4",2025-12-05T15:24:08.2640000Z
"jdv51f",2025-12-05T14:41:08.0120000Z
"12lrdg",2025-12-04T19:59:01.6870000Z
"xj376b",2025-12-03T19:31:50.7230000Z
"xj376b",2025-12-02T11:49:21.8180000Z
"gtv70j",2025-11-30T20:39:01.8280000Z
"‪+31 6 85464134‬",2025-11-30T17:50:41.5420000Z
"xj376b",2025-11-30T14:49:23.2600000Z
"rr211r",2025-11-30T14:48:04.0150000Z
"z021pg",2025-11-30T14:45:41.3110000Z
"x243jl",2025-11-30T14:31:51.5550000Z
"p090jk",2025-11-30T14:03:01.9290000Z
"k486tf",2025-11-30T14:02:43.1630000Z
"l151vz",2025-11-30T14:01:45.9360000Z
"r097pd ferrari rdw roma",2025-11-30T14:00:56.7740000Z
"r097pd ferrari rdw",2025-11-30T14:00:52.8790000Z
"r097pd ferrari",2025-11-30T14:00:45.3850000Z
"r097pd",2025-11-30T14:00:39.6890000Z
"zb954s",2025-11-30T14:00:29.6440000Z
"2kbz99",2025-11-29T17:24:49.9500000Z
"hdl09x",2025-11-29T16:50:33.2700000Z
"n819th",2025-11-27T15:48:11.9100000Z
"07xssv",2025-11-22T17:50:40.9220000Z
"hxk26g",2025-11-22T12:50:16.4510000Z
"hxp26g bentley",2025-11-22T12:49:50.8110000Z
"hxp26g",2025-11-22T12:45:07.5320000Z
"jgf94z",2025-11-21T16:50:16.3830000Z
"jbb12v",2025-11-20T14:27:26.3600000Z
"dm5176",2025-11-19T17:21:39.9160000Z
"2kbz99",2025-11-19T16:07:19.3490000Z
"z298fj",2025-11-19T12:37:11.1310000Z
"n023jf",2025-11-19T12:02:59.8800000Z
"n013fb urus rdw",2025-11-19T12:02:21.5520000Z
"n013fb urus",2025-11-19T12:02:13.7900000Z
"n013fb",2025-11-19T12:02:07.3400000Z
"s805gb",2025-11-19T12:01:55.8940000Z
"G738RZ",2025-11-16T17:10:09.5240000Z
"g738bz amg",2025-11-16T16:54:52.9300000Z
"hlf68g mercedes",2025-11-16T16:54:17.1450000Z
"hlf68g",2025-11-16T13:08:28.5970000Z
"g738bz",2025-11-16T11:11:07.9810000Z
"jgg41f",2025-11-13T09:38:10.7220000Z
"jgg41f",2025-11-11T07:15:38.3040000Z
"jgg41f",2025-11-10T13:43:59.3210000Z
"hnk12n",2025-11-09T15:54:20.7140000Z
"tk937g",2025-11-09T13:40:52.2550000Z
"94xf27",2025-11-09T13:40:04.5020000Z
"gvb50d mercedes rdw",2025-11-08T18:39:38.7420000Z
"gvb50d mercedes",2025-11-08T18:39:25.5390000Z
"gvb50d",2025-11-08T18:39:17.7610000Z
"ghb50d",2025-11-08T18:39:04.8740000Z
"hh623x",2025-11-08T13:05:10.6780000Z
"tp042j",2025-11-08T12:14:14.2770000Z
"r140br",2025-11-07T07:36:56.0930000Z
"z145jb",2025-11-02T13:36:13.7490000Z
"jff96p",2025-11-02T13:06:29.5940000Z
"hdg16g porsche geel",2025-11-02T08:49:34.9360000Z
"hdg16g porsche geel",2025-11-01T17:15:19.7810000Z
"hdg16g porsche",2025-11-01T16:56:15.6980000Z
"hdg16g",2025-11-01T16:56:07.6980000Z
"k301sk",2025-10-30T16:34:12.1370000Z
"l691dk",2025-10-30T15:56:04.6450000Z
"29nsx3",2025-10-29T11:07:00.4620000Z
"gvb30t",2025-10-26T14:54:43.5640000Z
"hkk36d",2025-10-26T12:01:54.2110000Z
"z043rx",2025-10-26T08:35:36.7480000Z
"hnh31p",2025-10-26T08:35:04.5290000Z
"gpk03s",2025-10-23T07:41:04.7270000Z
"t817gp",2025-10-21T14:48:16.1970000Z
"hxn15k",2025-10-20T15:56:51.8590000Z
"rent83",2025-10-19T13:22:27.2120000Z
"kd744p",2025-10-19T13:20:23.0220000Z
"hbb80v",2025-10-19T10:46:22.1180000Z
"hbb80v",2025-10-19T10:08:16.7970000Z
"k082rd",2025-10-18T16:04:45.1460000Z
"x990jg",2025-10-18T14:05:08.3650000Z
"x990jk",2025-10-18T14:05:04.4810000Z
"x515jg",2025-10-18T14:04:35.6470000Z
"1500sb citroen",2025-10-18T13:56:40.3180000Z
"1500sb",2025-10-18T13:56:29.0610000Z
"k515sb",2025-10-18T13:55:24.3180000Z
"k082rd",2025-10-18T13:25:51.2360000Z
"x990jk",2025-10-18T13:01:32.2840000Z
"sn920z",2025-10-18T11:16:47.0690000Z
"08xlrk bentley",2025-10-10T08:42:55.0870000Z
"08 xlr",2025-10-10T08:42:37.4370000Z
"gxt79z",2025-10-10T08:41:47.6290000Z
"gtx79z mercedes maybach",2025-10-10T08:41:21.1100000Z
"gtx79z",2025-10-10T08:41:10.5710000Z
"hrf31n",2025-10-10T08:26:00.6490000Z
"jfs04k",2025-10-06T15:32:47.2360000Z
"hdd57k slk rdw mercedes",2025-10-04T10:52:53.1890000Z
"hdd57k mercedes",2025-10-04T10:52:03.4240000Z
"hdd57k",2025-10-04T10:51:55.6120000Z
"z570gg",2025-10-03T13:25:30.1190000Z
"xt474s",2025-10-03T10:40:47.3750000Z
"hvp07v",2025-10-03T10:34:46.3020000Z
"jgr84p",2025-10-02T07:33:54.7800000Z
"htt83f autoweek",2025-09-29T15:37:58.7550000Z
"htt83f",2025-09-29T15:37:33.5390000Z
"r407df",2025-09-28T15:56:23.4840000Z
"hth17n",2025-09-28T15:55:32.4170000Z
"jdg92l",2025-09-27T15:22:01.1790000Z
"z140hv",2025-09-27T14:55:00.3010000Z
"hr556x",2025-09-27T12:32:43.8960000Z
"xn505h",2025-09-27T11:50:45.9130000Z
"xn503h",2025-09-27T11:50:38.0640000Z
"k828pf",2025-09-26T12:46:20.9300000Z
"h540dj",2025-09-26T12:46:09.7850000Z
"n846jx",2025-09-21T13:14:23.2820000Z
"s917rj",2025-09-20T14:31:21.3850000Z
"hdv12z",2025-09-20T14:29:15.1180000Z
"th336j",2025-09-18T13:30:49.9310000Z
"jbn29p",2025-09-18T13:28:00.9050000Z
"h540dj",2025-09-18T13:27:47.2190000Z
"nn351p",2025-09-16T12:45:49.5950000Z
"p775jn",2025-09-15T11:27:04.5930000Z
"fh90nl",2025-09-13T17:57:07.3950000Z
"hsg57x",2025-09-13T17:56:00.9590000Z
"k390kj",2025-09-13T17:53:31.9040000Z
"z997pb",2025-09-13T17:51:58.2110000Z
"j454vj",2025-09-13T17:49:58.9470000Z
"j454jv",2025-09-13T17:49:46.7620000Z
"l579rj",2025-09-13T17:45:46.9370000Z
"p986xr",2025-09-13T12:24:23.2020000Z
"25yd78",2025-09-13T12:22:14.6910000Z
"pm5499 rdw",2025-09-13T12:21:27.1850000Z
"pm5499",2025-09-13T12:21:11.2300000Z
"hgg94t",2025-09-13T12:19:01.1150000Z
"gft04h",2025-09-13T12:18:47.8240000Z
"x307sv",2025-09-13T12:16:21.7870000Z
"hsg57x",2025-09-13T12:14:51.0420000Z
"l738dx",2025-09-13T12:14:03.5680000Z
"hsv47j",2025-09-13T12:12:24.9560000Z
"dl2783",2025-09-13T12:11:50.5190000Z
"p553vk",2025-09-13T12:11:26.1410000Z
"p533vk",2025-09-13T12:11:01.7900000Z
"r191bb",2025-09-13T12:06:15.5720000Z
"pm5981",2025-09-13T11:53:18.2460000Z
"zb006h",2025-09-11T13:05:15.1460000Z
"brgg96 rdw",2025-09-11T07:01:48.2530000Z
"top 50",2025-09-07T07:47:46.0590000Z
"gbg63g zeekr",2025-09-06T15:48:35.1440000Z
"gbg63g",2025-09-06T15:48:27.5120000Z
"t859zr",2025-09-06T15:24:19.0650000Z
"p911zk",2025-09-06T15:24:02.7360000Z
"gf301k",2025-09-06T12:06:23.3040000Z
"l390lh",2025-09-03T06:59:18.5000000Z
"gzp33v",2025-09-02T16:48:38.9430000Z
"35pvz2",2025-09-02T11:04:18.5770000Z
"kf428d",2025-09-02T07:23:58.7340000Z
"kf420d ferrari",2025-09-02T07:23:46.5640000Z
"kf420d",2025-09-02T07:23:05.7890000Z
"ggx87n",2025-09-02T06:40:23.7510000Z
"l390lh",2025-08-31T10:58:26.7360000Z
"gjr65r",2025-08-30T15:12:23.0000000Z
"xz794f",2025-08-30T15:04:27.4940000Z
"hfx69l",2025-08-30T13:21:48.8980000Z
"g372gf",2025-08-30T13:20:30.1330000Z
"t289rz",2025-08-30T13:20:11.8900000Z
"gfg93l",2025-08-30T13:11:45.6530000Z
"rv717f",2025-08-30T13:11:33.1950000Z
"t512rb",2025-08-30T11:57:00.1170000Z
"r043xz bmw",2025-08-29T12:31:40.4630000Z
"r043zx bmw",2025-08-29T12:31:27.3020000Z
"r043zx",2025-08-29T12:31:21.1260000Z
"x648pg",2025-08-29T07:45:12.3960000Z
"gxz54b",2025-08-28T13:47:27.1500000Z
"gzx54b",2025-08-28T13:47:02.2780000Z
"ar5457",2025-08-28T07:21:37.5530000Z
"j545pg",2025-08-23T12:45:45.8530000Z
"hbn54j",2025-08-23T12:44:55.3550000Z
"gvx62n",2025-08-23T11:58:13.4660000Z
"xhxj52",2025-08-20T13:23:32.9330000Z
"gbr52d",2025-08-19T15:14:15.8230000Z
"z269nz mercedes amg gt",2025-08-19T09:14:48.0090000Z
"z269nz mercedes",2025-08-19T09:14:30.6970000Z
"z239nz mercedes",2025-08-19T09:13:59.9880000Z
"z239nz",2025-08-19T09:13:50.4170000Z
"hzb68x",2025-08-18T12:31:48.1490000Z
"hdk67s",2025-08-16T16:00:31.7200000Z
"j386ff",2025-08-11T13:48:45.7360000Z
"zr487k",2025-08-10T11:56:25.3800000Z
"n835ln",2025-08-10T11:51:45.4430000Z
"25rsnf bmw",2025-08-09T13:15:49.0280000Z
"t512hk",2025-08-07T07:27:21.9720000Z
"gft36j",2025-08-07T07:27:06.8940000Z
"t818xr",2025-08-07T07:26:53.7470000Z
"n111xt",2025-08-06T18:10:51.1690000Z
"t124sr",2025-08-03T18:52:55.0660000Z
"t124sr",2025-08-03T18:13:21.8540000Z
"tt316h",2025-08-03T16:57:56.9240000Z
"hfs65p",2025-08-02T11:11:17.7510000Z
"htf39l",2025-07-31T15:02:53.3340000Z
"hgp11r",2025-07-31T07:40:34.0720000Z
"p239vs",2025-07-22T18:49:01.8880000Z
"ghz43b mercedes",2025-07-22T17:20:07.6910000Z
"ghz43b",2025-07-22T17:19:49.2440000Z
"r456sx",2025-07-22T15:29:58.3960000Z
"t512hk",2025-07-22T09:17:03.3490000Z
"hdp97p",2025-07-22T08:40:47.3580000Z
"z210pr",2025-07-20T13:33:04.8470000Z
"6trz83",2025-07-20T10:54:12.3750000Z
"hbv82f",2025-07-19T17:41:51.5560000Z
"tblt19",2025-07-19T17:40:36.4330000Z
"1txb75",2025-07-19T16:26:05.7470000Z
"h654vp",2025-07-19T16:25:38.7130000Z
"01tvlr",2025-07-19T15:49:04.2950000Z
"g444lk",2025-07-19T14:42:24.3760000Z
"hbv82f",2025-07-19T14:42:03.3230000Z
"t975ln",2025-07-19T12:27:35.9890000Z
"s845xn",2025-07-17T14:46:12.3990000Z
"ah0586",2025-07-17T12:35:53.2770000Z
"50five",2025-07-16T16:19:12.6010000Z
"37 psi",2025-07-16T15:40:26.5480000Z
"hdb17d",2025-07-16T14:59:36.7090000Z
"k577fl",2025-07-16T06:44:24.2990000Z
"zf228l",2025-07-14T16:07:55.2130000Z
"hfd57x",2025-07-13T15:15:12.2840000Z
"hxhj97",2025-07-13T14:13:40.4130000Z
"z644rr",2025-07-13T14:04:21.4480000Z
"htv94j",2025-07-13T14:00:51.7520000Z
"x571rh",2025-07-13T13:43:14.0930000Z
"gzd18x",2025-07-13T13:43:07.4670000Z
"ts308x",2025-07-12T17:10:21.5960000Z
"hhx63n",2025-07-12T14:33:31.4120000Z
"ts308x",2025-07-12T12:51:56.8840000Z
"6shn37",2025-07-10T13:21:49.2890000Z
"6shn67 mercedes s400",2025-07-10T13:21:36.3080000Z
"6shn67",2025-07-10T13:21:28.4020000Z
"6shn61",2025-07-10T13:21:22.6570000Z
"rs571d",2025-07-09T15:04:21.1150000Z
"gkv96h",2025-07-07T11:18:20.5570000Z
"hvg26p",2025-07-06T16:47:37.5070000Z
"x111rh",2025-07-06T15:24:43.1370000Z
"l593lv",2025-07-06T15:14:21.6220000Z
"hjj97t mercedes",2025-07-06T12:09:14.8840000Z
"hjj97t mercedes e53",2025-07-06T12:09:03.2540000Z
"hrj97t mercedes e53",2025-07-06T12:08:44.1150000Z
"hrj97t",2025-07-06T12:08:32.8640000Z
"nd015h",2025-07-05T16:41:16.4360000Z
"nd015f bmw m2",2025-07-05T16:40:59.1990000Z
"nd015f bmw",2025-07-05T16:40:47.0380000Z
"nd015f",2025-07-05T16:40:41.9400000Z
"t676rj",2025-07-05T16:40:01.9640000Z
"t678rj mercedes",2025-07-05T16:39:39.6210000Z
"t678rj",2025-07-05T16:39:31.3740000Z
"47sxh1",2025-07-05T15:26:43.6340000Z
"300 sl 1962",2025-07-05T12:56:43.4580000Z
"s612vp",2025-06-30T12:42:09.8430000Z
"08zj55",2025-06-28T14:26:17.4230000Z
"83kdt7",2025-06-28T13:05:27.0760000Z
"tfz 86",2025-06-28T12:51:49.6300000Z
"gdj83b",2025-06-26T06:41:07.7440000Z
"75zjxj ferrari",2025-06-25T07:12:38.8950000Z
"75zjxj",2025-06-25T07:12:17.0290000Z
"6tjv34",2025-06-22T14:39:12.7740000Z
"kr401d",2025-06-22T13:21:59.1370000Z
"x833tl",2025-06-22T13:13:55.7310000Z
"hgn99f",2025-06-22T13:10:00.2110000Z
"hjl31b",2025-06-19T12:47:44.2450000Z
"hnn31k",2025-06-19T12:46:59.5150000Z
"hjl32b",2025-06-19T12:46:21.7240000Z
"hkh13s",2025-06-19T12:42:54.3730000Z
"hkh23s mercedes c63",2025-06-19T12:42:36.9650000Z
"hkh23s",2025-06-19T12:41:18.6040000Z
"hlt10d",2025-06-19T12:07:37.7960000Z
"6sbx11",2025-06-18T17:15:55.1940000Z
"n819nf",2025-06-17T13:31:34.0380000Z
"gsp88f",2025-06-15T13:53:59.9470000Z
"gvl13x",2025-06-14T13:00:45.6650000Z
"z850nz",2025-06-14T11:55:01.8050000Z
"k209tz",2025-06-14T11:54:38.2940000Z
"zn592n",2025-06-13T16:26:34.4620000Z
"zn595n",2025-06-13T16:26:18.1400000Z
"hgt10l",2025-06-13T11:06:14.3090000Z
"k773pt",2025-06-13T11:05:41.9720000Z
"p078gd",2025-06-12T18:23:29.7400000Z
"t859zr",2025-06-12T18:23:12.4570000Z
"x740nf",2025-06-12T18:22:54.7800000Z
"n841kr",2025-06-12T18:21:49.1870000Z
"al5164",2025-06-12T18:21:18.5180000Z
"dh1799",2025-06-12T18:20:52.8890000Z
"s207js",2025-06-12T18:20:32.9320000Z
"h468lv",2025-06-12T18:20:28.6990000Z
"al5101",2025-06-12T18:20:13.7550000Z
"l638dx",2025-06-12T18:19:58.1220000Z
"t624hp",2025-06-12T18:19:31.1650000Z
"55xdkt",2025-06-12T18:19:17.1700000Z
"z570gg",2025-06-12T18:18:59.0310000Z
"hh141t",2025-06-12T18:18:45.4270000Z
"t223nd",2025-06-12T18:18:40.8050000Z
"ggj26p",2025-06-12T18:18:25.5330000Z
"n141rp",2025-06-12T18:18:11.7430000Z
"gzk82s",2025-06-12T18:17:58.6580000Z
"gdn44k",2025-06-12T18:17:43.4590000Z
"68ptn5",2025-06-12T18:17:32.6590000Z
"t019jx",2025-06-12T18:17:12.9890000Z
"41srz1",2025-06-12T18:16:59.0890000Z
"t994dl",2025-06-12T14:20:03.2910000Z
"z223ph",2025-06-12T14:19:46.1200000Z
"pm1872",2025-06-12T14:19:30.1750000Z
"k458nn",2025-06-12T14:18:59.7610000Z
"r791ng",2025-06-12T14:18:42.2210000Z
"p014tj",2025-06-12T14:18:18.7880000Z
"hdf49r",2025-06-12T14:17:52.7840000Z
"zk408p",2025-06-12T14:17:14.8260000Z
"zk407p",2025-06-12T14:17:02.9410000Z
"xj155x",2025-06-12T14:16:29.3510000Z
"gpk03s",2025-06-12T14:16:20.6030000Z
"gts11t",2025-06-12T14:15:53.2710000Z
"7836sp",2025-06-12T14:15:40.3440000Z
"ah6340",2025-06-12T14:15:22.4390000Z
"gv416l",2025-06-12T14:15:02.3520000Z
"ae4709",2025-06-12T14:14:41.7180000Z
"n835ln",2025-06-12T14:14:27.8630000Z
"hhs05n",2025-06-12T14:14:14.1720000Z
"ah2823",2025-06-12T14:14:03.0210000Z
"al8435",2025-06-12T14:13:45.2500000Z
"sv916p",2025-06-12T14:13:23.6950000Z
"gkn44p",2025-06-12T14:10:48.0110000Z
"z119kp",2025-06-12T14:10:31.8950000Z
"r019vn",2025-06-12T14:10:15.7640000Z
"hdr62f",2025-06-12T14:10:00.9290000Z
"rs512b",2025-06-12T14:09:42.2850000Z
"h450dr",2025-06-10T17:35:25.1690000Z
"k152sf",2025-06-09T11:17:23.6670000Z
"kk435g",2025-06-09T11:09:10.3390000Z
"kk550g",2025-06-09T11:08:25.6760000Z
"gts11t",2025-06-01T13:54:59.1620000Z
"n739lt",2025-06-01T12:43:13.9260000Z
"n739lt brabus",2025-06-01T12:43:01.0100000Z
"gh686n",2025-05-31T19:40:02.2200000Z
"ggf06r",2025-05-30T18:14:18.0360000Z
"ggf06r",2025-05-30T14:10:11.0580000Z
"9xlr40",2025-05-30T14:08:23.8790000Z
"p434vd",2025-05-30T12:25:05.9450000Z
"4kkf96",2025-05-30T12:24:31.5450000Z
"hl36zl",2025-05-30T10:54:33.3220000Z
"hl36zl",2025-05-30T09:54:57.1100000Z
"p300sk",2025-05-29T13:10:17.0550000Z
"gpk03s",2025-05-29T13:08:54.4330000Z
"hrd97p",2025-05-29T11:24:29.6100000Z
"gbz49k",2025-05-25T12:05:25.1210000Z
"gbd 44 k bentley",2025-05-25T12:04:42.2930000Z
"gdb 44 k bentley",2025-05-25T12:03:37.0110000Z
"gdb44k bentley",2025-05-25T12:03:25.1730000Z
"gdb44k",2025-05-25T12:03:18.5220000Z
"x598jh bmw",2025-05-25T12:02:42.1930000Z
"x598jh",2025-05-25T12:02:36.4220000Z
"t058vr brabus",2025-05-24T17:42:05.3550000Z
"t058vr mercedes",2025-05-24T17:41:50.4800000Z
"t085rv mercedes",2025-05-24T17:41:30.2870000Z
"t085rv brabus",2025-05-24T17:41:21.1270000Z
"t085rv",2025-05-24T17:41:14.2460000Z
"t058rv brabus",2025-05-24T17:40:57.8090000Z
"t058rv",2025-05-24T17:40:44.9210000Z
"8635rs",2025-05-22T12:40:13.8050000Z
"k767bd",2025-05-22T12:40:07.8130000Z
"k767bd",2025-05-22T07:54:07.1470000Z
"k767bd",2025-05-21T13:37:50.6480000Z
"n021fg",2025-05-21T13:24:50.5130000Z
"49dxlh",2025-05-21T11:01:58.7390000Z
"49dxlh",2025-05-21T07:50:48.9430000Z
"p148lv",2025-05-21T07:08:23.8740000Z
"p148sl bmw  m3 rdw",2025-05-21T07:07:55.1740000Z
"p148sl bmw  m3",2025-05-21T07:07:44.2090000Z
"p148sl bmw",2025-05-21T07:07:24.5930000Z
"p148sl",2025-05-21T07:07:18.2730000Z
"rs321p",2025-05-20T15:38:11.8900000Z
"ghz40k",2025-05-20T15:15:14.1220000Z
"n589rl",2025-05-20T08:07:50.6410000Z
"gdv90v",2025-05-20T08:07:12.0110000Z
"hdb17d",2025-05-20T07:25:44.4570000Z
"7836sp",2025-05-18T12:16:16.6150000Z
"ah6340 autoweek",2025-05-18T11:59:55.6200000Z
"ah6340 rdw",2025-05-18T11:59:49.0190000Z
"ah6340",2025-05-18T11:59:40.6500000Z
"7836sp",2025-05-18T09:06:18.4210000Z
"p343pd porsche",2025-05-18T09:03:22.1710000Z
"p343pd",2025-05-18T09:03:13.9930000Z
"p343vd",2025-05-18T09:03:08.2090000Z
"56ph87",2025-05-17T07:32:04.1460000Z
"56ph87",2025-05-16T06:48:04.7840000Z
"s462tt",2025-05-15T12:36:43.4740000Z
"glr52p",2025-05-15T07:43:04.9340000Z
"t829dn",2025-05-12T07:20:14.4810000Z
"t829dn",2025-05-12T06:37:00.8530000Z
"42gtv1",2025-05-11T15:09:33.8080000Z
"gv416l",2025-05-10T13:29:55.6080000Z
"gvp36t",2025-05-10T10:24:10.3460000Z
"t544lj",2025-05-09T07:52:42.3610000Z
"ah1266",2025-05-08T12:41:47.7090000Z
"r978hh",2025-05-04T19:44:32.9650000Z
"r978hh",2025-05-04T17:04:33.7480000Z
"r978hh",2025-05-04T16:15:15.1990000Z
"zn928d",2025-05-03T19:22:09.6940000Z
"r528dr",2025-05-03T19:21:56.5890000Z
"gsh49v",2025-05-03T19:21:38.8480000Z
"l872kz",2025-05-03T19:21:23.2340000Z
"r978hh",2025-05-03T19:20:22.3600000Z
"46njfx",2025-05-03T19:19:50.7390000Z
"gpk03s",2025-05-03T19:19:37.5110000Z
"l302gg",2025-05-03T19:19:24.7480000Z
"px433n",2025-05-03T19:19:10.2040000Z
"j579rh",2025-05-03T19:18:53.6900000Z
"p406kz",2025-05-03T19:18:50.6500000Z
"n835ln",2025-05-03T19:18:16.5770000Z
"78zjxz",2025-05-03T19:17:41.8390000Z
"8ztk24  audi rs6",2025-05-03T19:08:08.6530000Z
"8ztk24  audi",2025-05-03T19:07:48.6410000Z
"8ztx24 audi",2025-05-03T19:07:05.0290000Z
"8ztx24",2025-05-03T19:06:58.8770000Z
"z015kv",2025-05-03T19:06:31.8010000Z
"78zjxz",2025-05-03T12:15:17.3700000Z
"78zjxt ferrari",2025-05-03T12:14:59.8980000Z
"78zjxt",2025-05-03T12:14:53.0270000Z
"p381rk",2025-05-02T17:28:58.1570000Z
"n835ln",2025-05-01T13:59:17.4380000Z
"n535ln ferrari",2025-05-01T13:58:43.9870000Z
"grl43z",2025-05-01T13:58:31.9440000Z
"n535ln",2025-05-01T13:58:21.8510000Z
"gsh21b",2025-05-01T08:07:31.5710000Z
"9406zv",2025-04-28T07:59:22.6160000Z
"j579rh",2025-04-27T20:30:45.6890000Z
"j579rh",2025-04-27T09:32:38.9640000Z
"px433n",2025-04-26T17:09:39.9970000Z
"px433n",2025-04-26T14:00:08.1670000Z
"px433n",2025-04-25T19:56:29.1140000Z
"rk836v",2025-04-22T18:30:37.0200000Z
"px433n",2025-04-20T13:59:12.3320000Z
"l302gg",2025-04-20T11:39:42.4040000Z
"l302vg",2025-04-20T11:39:32.6330000Z
"gpk03s",2025-04-19T11:22:57.4710000Z
"46njfx",2025-04-19T09:53:24.5720000Z
"g808nx ferrari",2025-04-18T17:40:01.6270000Z
"r978hh",2025-04-18T06:47:42.5540000Z
"r978hh",2025-04-17T19:58:17.7260000Z
"t227hz bmw z4",2025-04-17T15:38:15.5990000Z
"t227hz",2025-04-17T15:38:05.2780000Z
"l872kz",2025-04-17T06:37:38.0530000Z
"x164hv",2025-04-16T16:05:22.9480000Z
"gsh49v",2025-04-16T14:09:22.4110000Z
"r528dr",2025-04-16T13:54:05.6560000Z
"zn928d",2025-04-16T13:44:34.4220000Z
"t019jx",2025-04-13T15:04:58.9910000Z
"t256jf",2025-04-13T11:28:37.2520000Z
"dh7899",2025-04-11T12:21:22.8360000Z
"j920rx",2025-04-11T10:46:27.6420000Z
"48hjj2",2025-04-11T09:58:35.9930000Z
"r911pf",2025-04-10T17:41:23.8780000Z
"r911tf bmw",2025-04-10T17:40:41.3600000Z
"r911gf",2025-04-10T17:40:29.0720000Z
"l480rh",2025-04-10T13:26:57.9220000Z
"zx07hn",2025-04-10T08:58:22.9730000Z
"zx07hn",2025-04-09T13:06:59.8440000Z
"ah6068 rdw",2025-04-09T13:05:12.7290000Z
"ah6068",2025-04-09T13:05:00.2510000Z
"hgt97x",2025-04-09T12:40:16.4690000Z
"18 mei dansvoorstelling de naald",2025-04-09T11:13:46.9440000Z
"18 mei dans de naald",2025-04-09T11:12:43.0230000Z
"x248rf",2025-04-08T14:41:05.3710000Z
"gnx23f renault",2025-04-07T11:10:16.9260000Z
"gnx23f",2025-04-07T11:10:09.6680000Z
"sl 180 1959",2025-04-05T16:16:51.9800000Z
"sl 180 19959",2025-04-05T16:16:40.0520000Z
"ae4709",2025-04-05T09:05:12.4760000Z
"rd097z",2025-04-04T15:04:20.5330000Z
"37grx6",2025-04-03T16:48:12.4260000Z
"gsj48x",2025-04-03T06:22:58.2590000Z
"37grx6",2025-04-02T12:07:05.7630000Z
"hhg75d",2025-04-02T11:33:46.9720000Z
"20br52",2025-04-01T16:12:28.0300000Z
"gph46x",2025-03-30T11:33:27.8100000Z
"n835ln",2025-03-29T19:10:28.0770000Z
"z656ln",2025-03-29T17:27:07.7650000Z
"hhs05n",2025-03-29T13:01:28.6180000Z
"n021fg",2025-03-28T20:56:09.5690000Z
"n021fg",2025-03-28T14:17:31.1460000Z
"ah2823",2025-03-26T16:00:25.1580000Z
"al8435 autoweek",2025-03-25T17:01:36.4630000Z
"al8435 auto",2025-03-25T17:01:28.6290000Z
"al8435 rdw",2025-03-25T16:28:55.0800000Z
"al8435",2025-03-25T16:28:47.2390000Z
"sv916p",2025-03-25T16:28:32.2500000Z
"hgn15g",2025-03-25T16:22:51.6420000Z
"grl43z mercedes",2025-03-25T16:17:41.0620000Z
"grl44z mercedes",2025-03-25T16:17:20.5900000Z
"grl44x mercedes",2025-03-25T16:16:58.6170000Z
"gkn44p",2025-03-25T10:53:23.6790000Z
"gdr87z",2025-03-25T09:09:13.1160000Z
"gdr87z",2025-03-24T17:33:21.1390000Z
"z119kp",2025-03-22T18:13:37.0370000Z
"zt788z",2025-03-22T13:57:48.0770000Z
"l546ff",2025-03-20T18:47:23.9950000Z
"n269kk",2025-03-20T08:14:59.1460000Z
"t002xs",2025-03-19T16:18:47.4280000Z
"l237kr",2025-03-19T14:08:03.0920000Z
"l546ff",2025-03-19T14:07:51.7470000Z
"l273kr mercedes",2025-03-19T13:53:56.8720000Z
"l273kr",2025-03-19T13:53:50.1900000Z
"r019vn",2025-03-18T16:32:43.1560000Z
"l546ff",2025-03-16T15:18:06.1440000Z
"l546ff",2025-03-16T15:18:04.7130000Z
"n835ln",2025-03-16T15:15:30.2140000Z
"hgd88z",2025-03-15T16:50:30.8050000Z
"xz705b",2025-03-15T16:19:21.2280000Z
"kx668f",2025-03-15T12:04:32.6340000Z
"kx698f bentley",2025-03-15T12:04:04.8070000Z
"kx698f",2025-03-15T12:03:57.2990000Z
"n724xz",2025-03-14T20:23:18.8190000Z
"zf228l",2025-03-14T20:23:14.6220000Z
"t676rj",2025-03-14T20:20:12.0390000Z
"hdr62f",2025-03-14T16:28:31.6310000Z
"x915rk",2025-03-14T16:28:25.6310000Z
"x915rk",2025-03-14T07:28:34.3950000Z
"x915rk",2025-03-11T13:36:08.8670000Z
"j900nn",2025-03-08T19:57:07.3720000Z
"jz588r",2025-03-08T19:56:46.3250000Z
"k517vv",2025-03-08T19:56:20.1650000Z
"gth64x",2025-03-08T19:55:59.7580000Z
"g809fp mercedes",2025-03-08T18:15:39.9310000Z
"g809fp",2025-03-08T13:45:37.2330000Z
"gth64x",2025-03-08T13:00:34.2330000Z
"rs512b",2025-03-08T11:54:00.5890000Z
"xj155x",2025-03-06T12:48:32.8570000Z
"xz794f",2025-03-05T20:34:56.6390000Z
"xz796f glc",2025-03-05T17:36:59.0320000Z
"xz796f",2025-03-05T17:36:38.9890000Z
"gt164v",2025-03-04T12:22:59.1000000Z
"t676rj",2025-03-02T13:11:27.0220000Z
"l593lv amg gt",2025-03-02T08:38:13.7110000Z
"s263pz",2025-03-01T18:36:52.0870000Z
"s263pz",2025-03-01T14:57:19.7060000Z
"x683hv",2025-03-01T13:16:34.7000000Z
"l593lv amg gt",2025-03-01T13:16:16.2990000Z
"z157dn",2025-03-01T13:15:48.0100000Z
"h631jb",2025-02-27T09:08:18.8710000Z
"zk408p",2025-02-26T13:52:40.7320000Z
"zf228l",2025-02-23T11:44:08.6930000Z
"xl834x",2025-02-23T11:16:53.0200000Z
"x252dx",2025-02-22T16:45:37.0300000Z
"p108dd",2025-02-22T14:36:38.5050000Z
"n724xz",2025-02-22T09:07:07.9210000Z
"n724xz",2025-02-21T17:17:36.6880000Z
"n724lx brabus",2025-02-21T17:16:48.8110000Z
"16xnx1",2025-02-21T16:10:01.7370000Z
"rr502r",2025-02-21T15:26:09.7550000Z
"gdt20p",2025-02-21T15:25:55.2770000Z
"xs572l",2025-02-16T16:33:43.2160000Z
"ghj74x",2025-02-16T16:28:49.8700000Z
"xs572l",2025-02-16T15:15:18.5050000Z
"52stnt rdw",2025-02-15T16:50:58.9860000Z
"hdf49r",2025-02-15T16:10:45.7870000Z
"gnv68f",2025-02-15T12:52:14.4740000Z
"pd919b",2025-02-15T09:02:17.2560000Z
"pd919b",2025-02-13T16:01:02.3370000Z
"pg347f",2025-02-13T15:29:58.6130000Z
"zb006h",2025-02-13T13:49:05.2520000Z
"k166vt",2025-02-11T18:59:20.4970000Z
"r258dr mercedes benz",2025-02-11T16:55:03.7700000Z
"r258dr",2025-02-11T16:54:52.1800000Z
"k166vt",2025-02-11T12:06:12.3980000Z
"k166vt",2025-02-10T14:53:47.3030000Z
"hdz95p mercedes",2025-02-08T19:30:23.8700000Z
"hdz95p",2025-02-08T19:30:10.2240000Z
"gpk59b",2025-02-08T17:30:37.1060000Z
"z238nz",2025-02-08T13:06:24.9860000Z
"p014tj",2025-02-07T17:08:00.5470000Z
"h634vr",2025-02-07T07:46:06.4530000Z
"p676pf",2025-02-07T07:37:04.6940000Z
"z056nj",2025-02-03T16:23:31.6710000Z
"h634vr",2025-02-03T14:16:34.7800000Z
"l695gs",2025-02-03T13:34:33.1300000Z
"t713gx",2025-02-02T19:44:46.6770000Z
"t713gx",2025-02-02T19:02:52.3910000Z
"k151zr",2025-02-02T16:16:00.9330000Z
"r791ng",2025-02-01T19:31:51.7400000Z
"rr797g ferrari",2025-02-01T19:31:01.9490000Z
"rr797g",2025-02-01T19:30:48.8020000Z
"p991hk",2025-02-01T15:01:40.5260000Z
"k458nn",2025-02-01T12:19:35.3640000Z
"t177th",2025-01-31T12:00:05.8270000Z
"gv402d",2025-01-28T10:43:36.3140000Z
"xl228r",2025-01-27T18:02:57.2630000Z
"xl228p mercedes",2025-01-27T18:02:45.2840000Z
"xl228p",2025-01-27T18:02:36.5120000Z
"hdb78p mercedes",2025-01-26T15:36:05.3170000Z
"hdb78p",2025-01-26T15:35:57.2570000Z
"jh417l",2025-01-26T15:21:20.2690000Z
"jg417l",2025-01-26T15:21:02.6240000Z
"z223ph",2025-01-25T15:21:10.7140000Z
"t223fp",2025-01-25T15:20:58.2550000Z
"grr72n",2025-01-24T19:54:49.7050000Z
"r563tt",2025-01-22T14:36:40.4960000Z
"t994dl",2025-01-22T14:22:05.5760000Z
"r365tt alpine",2025-01-22T14:09:27.5590000Z
"r365tt",2025-01-22T14:09:18.3630000Z
"g654dt",2025-01-20T19:33:22.1260000Z
"41srz1",2025-01-17T19:47:28.2150000Z
"t211lr rdw mustang",2025-01-17T19:32:06.1160000Z
"k873xh",2025-01-17T19:31:34.3270000Z
"k873lh amg gt",2025-01-17T19:31:21.2380000Z
"k873lh",2025-01-17T19:31:13.8310000Z
"t211lr mustang",2025-01-17T19:12:53.4270000Z
"t211lr",2025-01-17T19:12:46.2590000Z
"49dxlh",2025-01-17T16:26:55.4100000Z
"t019jx aston martin",2025-01-17T16:25:40.5660000Z
"t019px aston martin",2025-01-17T16:25:18.1350000Z
"t019px",2025-01-17T16:25:10.2160000Z
"p676pf",2025-01-17T16:24:43.5200000Z
"j472gf",2025-01-11T12:08:23.6460000Z
"s181pk",2025-01-11T09:04:09.1870000Z
"s181pk",2025-01-06T11:49:49.1350000Z
"s181pk bentley",2025-01-06T11:49:27.1090000Z
"s189pk bentley",2025-01-06T11:49:02.2100000Z
"s189pk",2025-01-06T11:48:51.5370000Z
"s168pk bentley",2025-01-06T11:47:40.6680000Z
"s186pk bentley",2025-01-06T11:46:59.9690000Z
"s186pk",2025-01-06T11:46:53.6030000Z
"p926xv",2025-01-05T12:11:37.1660000Z
"p926xv",2025-01-04T13:54:12.0550000Z
"p926xp supra",2025-01-04T13:53:57.9050000Z
"p926xp",2025-01-04T13:53:45.3720000Z
"x020jk",2025-01-03T14:30:41.4560000Z
"g666jd",2025-01-03T12:59:12.3050000Z
"g666gd dodge",2025-01-03T12:58:41.6520000Z
"g666gd",2025-01-03T12:58:25.3200000Z
"68ptn5",2025-01-03T12:56:42.3230000Z
"gdn77k bentley continental gt",2025-01-01T15:46:13.5890000Z
"gdn77k",2025-01-01T15:46:04.2100000Z
"g283kk",2024-12-29T16:53:21.1690000Z
"g288kk gle mercedes",2024-12-29T16:52:36.7090000Z
"g288kk",2024-12-29T16:52:20.2120000Z
"p128lr amg mercedes",2024-12-29T15:51:29.7980000Z
"p128lr",2024-12-29T15:51:20.5570000Z
"gzk82s",2024-12-29T10:44:40.0610000Z
"x575hn",2024-12-28T13:00:15.8490000Z
"gnz66p",2024-12-28T12:53:23.9890000Z
"n141rp",2024-12-28T12:53:03.4790000Z
"ggj26p",2024-12-25T10:44:08.3940000Z
"73xdv1",2024-12-25T10:05:16.5680000Z
"k440th",2024-12-23T13:32:02.6550000Z
"gbn20g",2024-12-20T17:49:58.9900000Z
"13phx8",2024-12-20T12:25:58.3310000Z
"t223nd",2024-12-20T09:26:23.7800000Z
"hh141t",2024-12-14T17:52:51.1510000Z
"hh141t",2024-12-14T13:38:40.7090000Z
"z570gg",2024-12-14T11:50:06.0360000Z
"z577gg",2024-12-14T11:24:49.6380000Z
"gnb43j",2024-12-13T19:09:36.6080000Z
"h724pd",2024-12-13T19:09:27.1460000Z
"h724pd",2024-12-13T12:49:10.6350000Z
"55xdkt autoweek",2024-12-06T10:00:33.9880000Z
"55xdkt",2024-12-06T10:00:21.6810000Z
"t624hp",2024-12-06T09:50:00.9470000Z
"x945hb",2024-11-30T11:50:21.8730000Z
"x954hb",2024-11-30T11:50:10.9530000Z
"x856hb",2024-11-30T11:46:02.8750000Z
"k648nd",2024-11-28T08:46:06.8060000Z
"k648nf",2024-11-28T08:45:59.1390000Z
"x486sh",2024-11-27T18:22:27.8600000Z
"jk439x",2024-11-27T15:24:56.3100000Z
"h450dr",2024-11-19T19:01:39.4240000Z
"n613xt",2024-11-16T16:43:35.5090000Z
"r163hz",2024-11-14T09:09:12.9260000Z
"ggj26p",2024-11-13T18:52:36.9520000Z
"z098gf",2024-11-13T08:44:51.1920000Z
"t019jx",2024-11-11T21:42:38.4820000Z
"l949xs",2024-11-09T19:15:46.9190000Z
"l949xs",2024-11-08T19:53:58.1230000Z
"al5101 rdw",2024-11-02T14:09:26.4690000Z
"al5101",2024-11-02T13:47:03.2260000Z
"h468lv",2024-11-01T16:27:23.1960000Z
"s207js",2024-11-01T16:27:18.2200000Z
"x792hr",2024-11-01T09:22:31.8500000Z
"s207js",2024-11-01T09:12:58.8280000Z
"dh1799 rdw",2024-10-27T17:29:03.6590000Z
"dh1799",2024-10-27T16:40:48.9920000Z
"z259jb bmw xm",2024-10-26T13:57:33.2350000Z
"z259jb",2024-10-26T13:57:25.4630000Z
"s584kp",2024-10-26T13:47:15.7900000Z
"x876sj",2024-10-26T10:09:20.3570000Z
"x713dr",2024-10-25T07:43:23.1710000Z
"al5164 rdw",2024-10-25T07:26:48.3870000Z
"al5164",2024-10-25T07:26:39.7680000Z
"n325pz",2024-10-22T20:23:11.3420000Z
"p628bg m2",2024-10-21T17:16:03.7320000Z
"p628bg",2024-10-21T16:48:37.5450000Z
"n325pz",2024-10-20T20:52:37.0950000Z
"x727vb",2024-10-20T18:54:30.4760000Z
"n841kr",2024-10-20T18:53:48.6070000Z
"t501bs",2024-10-19T17:44:55.4590000Z
"k512sf",2024-10-19T13:51:55.3210000Z
"hb217k",2024-10-19T11:36:10.8780000Z
"l546ff",2024-10-17T12:40:39.4440000Z
"vhf84f",2024-10-15T17:55:51.8090000Z
"l546ff",2024-10-14T18:52:24.9200000Z
"l546ff",2024-10-14T09:13:38.2890000Z
"47tbtd",2024-10-12T14:18:36.0170000Z
"hv300t",2024-10-12T13:22:57.1760000Z
"dl0214 rdw",2024-10-06T19:40:49.1210000Z
"dl0214",2024-10-06T19:40:36.2490000Z
"ng714t",2024-10-05T12:07:34.0080000Z
"t019jx",2024-10-05T11:28:22.4490000Z
"t019jk",2024-10-05T11:28:17.0670000Z
"k152sf",2024-10-04T17:15:56.5630000Z
"l872kz",2024-10-02T16:42:51.7390000Z
"x740nf",2024-09-29T14:43:31.8950000Z
"x740hf",2024-09-29T14:43:26.5240000Z
"73xdv1",2024-09-29T14:40:31.6750000Z
"95jzgx",2024-09-29T14:29:49.4600000Z
"t859zr",2024-09-29T14:29:41.6810000Z
"p078gd",2024-09-29T11:22:23.9570000Z
"p638xd",2024-09-29T10:34:54.1890000Z
"sr414j",2024-09-29T10:33:58.3090000Z
"9xjp89",2024-09-27T19:30:18.7390000Z
"91txv8",2024-09-27T19:29:48.2770000Z
"x628ll audi q8",2024-09-27T19:29:21.8260000Z
"sb004j",2024-09-27T19:28:52.4660000Z
"t443zb",2024-09-27T19:27:45.3090000Z
"52phz7",2024-09-27T19:27:31.6080000Z
"j623rg",2024-09-27T19:27:11.1290000Z
"t975ln",2024-09-27T19:26:20.5080000Z
"l791dn",2024-09-27T19:26:03.6080000Z
"r549gf",2024-09-27T19:25:47.7160000Z
"21nst6",2024-09-27T19:23:52.7550000Z
"l696hz",2024-09-27T19:23:40.1200000Z
"t437jl",2024-09-27T19:23:25.1150000Z
"l943kd",2024-09-27T19:23:11.5990000Z
"x269dx",2024-09-27T19:22:52.9560000Z
"rf738d mercedes",2024-09-27T19:22:36.9800000Z
"l141nk",2024-09-27T19:22:00.8390000Z
"x190ds",2024-09-25T19:59:06.6640000Z
"h056lk",2024-09-25T19:58:53.5470000Z
"j827rt",2024-09-25T19:58:37.2610000Z
"l866nd",2024-09-25T19:58:20.6380000Z
"n934vf",2024-09-25T19:58:07.7480000Z
"k200lf",2024-09-25T19:57:52.9370000Z
"xk769z",2024-09-25T19:57:17.0180000Z
"xb479v urus",2024-09-25T19:56:45.7340000Z
"zt788z",2024-09-25T19:56:29.3330000Z
"kk978b",2024-09-25T19:56:10.3490000Z
"h965gp",2024-09-25T19:55:40.7780000Z
"s695gg",2024-09-25T19:55:27.6420000Z
"p638xd",2024-09-25T19:55:11.0510000Z
"x473pg",2024-09-25T19:54:50.9170000Z
"l518gk",2024-09-25T19:54:01.6450000Z
"59tpnb",2024-09-25T19:53:14.0860000Z
"sk587k",2024-09-25T19:52:39.6190000Z
"l054vf",2024-09-25T19:52:27.2610000Z
"t512hk",2024-09-25T19:52:12.4360000Z
"x053sb",2024-09-25T19:52:00.4310000Z
"73gbkr",2024-09-25T19:51:47.3460000Z
"z981kn",2024-09-25T19:51:35.4870000Z
"r558bs",2024-09-25T19:50:57.9210000Z
"ae4634",2024-09-25T19:50:43.5690000Z
"pb919j",2024-09-25T19:50:31.6790000Z
"l635kx",2024-09-25T19:50:14.7490000Z
"x906hk",2024-09-25T19:50:01.7890000Z
"p990pk",2024-09-25T19:49:48.3750000Z
"s223kn",2024-09-25T19:49:31.2010000Z
"s231pt",2024-09-25T19:49:19.5190000Z
"zs241p",2024-09-25T19:49:04.6710000Z
"j338xn",2024-09-25T19:48:51.2680000Z
"jz894t",2024-09-25T19:48:21.8020000Z
"s923th",2024-09-25T19:46:56.0090000Z
"t439vp",2024-09-25T19:46:43.0280000Z
"x461dh",2024-09-25T19:46:09.3600000Z
"h381vs",2024-09-25T19:45:54.0380000Z
"x073tt",2024-09-25T19:45:22.5780000Z
"k561fl",2024-09-25T19:45:08.6710000Z
"dfzg20",2024-09-25T19:44:40.7950000Z
"zf976v",2024-09-25T19:44:24.9860000Z
"kf428d",2024-09-25T19:44:11.2890000Z
"s071gd",2024-09-25T19:42:30.6320000Z
"k396pj",2024-09-25T19:42:18.1710000Z
"p402zt",2024-09-25T19:40:34.4030000Z
"x724zk",2024-09-25T19:40:20.3690000Z
"sl370h",2024-09-24T19:51:35.1580000Z
"sl370h",2024-09-24T17:53:34.0380000Z
"sl370h",2024-09-24T10:07:44.3620000Z
"x724zk",2024-09-23T11:55:22.5900000Z
"n895tf",2024-09-21T16:11:14.9440000Z
"p402zt",2024-09-21T11:55:45.3110000Z
"k396pj",2024-09-19T16:59:36.3180000Z
"s071gd",2024-09-19T13:18:41.3000000Z
"s016dg",2024-09-19T13:18:30.3590000Z
"s016gd",2024-09-19T13:18:17.7180000Z
"s061gd lotus",2024-09-19T13:16:25.5750000Z
"s061gd",2024-09-19T13:16:16.3620000Z
"gbf82p",2024-09-17T15:15:44.8960000Z
"gbj30v mercedes",2024-09-17T14:59:02.4480000Z
"gbj30v",2024-09-17T14:58:49.6720000Z
"k570tn",2024-09-16T11:22:43.0860000Z
"sl508b",2024-09-15T10:43:46.9710000Z
"r586kx",2024-09-15T08:54:16.3040000Z
"hr3705 philips",2024-09-14T13:39:26.7750000Z
"x906hk",2024-09-13T09:25:08.4400000Z
"gfp05f",2024-09-12T17:16:27.6450000Z
"kf428d",2024-09-11T13:55:26.5250000Z
"zf976v",2024-09-11T08:29:59.0330000Z
"top 40",2024-09-07T19:14:31.8630000Z
"dfzg20",2024-09-07T18:21:13.9450000Z
"s629gt",2024-09-07T16:31:01.7320000Z
"k561fl",2024-09-07T15:26:42.2700000Z
"x073tt",2024-09-07T15:26:32.9210000Z
"gbg50d",2024-09-07T15:25:30.4380000Z
"n302nl",2024-09-07T14:26:45.8720000Z
"kj003k",2024-09-06T16:59:37.3020000Z
"x834rj",2024-09-06T16:47:21.5390000Z
"gvs40x rdw amg gt",2024-09-03T15:19:17.0660000Z
"gvs40x",2024-09-03T15:19:00.2800000Z
"h381vs",2024-09-01T21:43:52.9160000Z
"x461dh",2024-09-01T21:43:32.6900000Z
"l145hj",2024-09-01T21:43:18.5810000Z
"t439vp",2024-09-01T12:49:56.3430000Z
"s923th",2024-09-01T12:41:13.1450000Z
"kf428d",2024-08-31T16:54:17.9520000Z
"kf428d",2024-08-31T09:53:25.4250000Z
"z818jt",2024-08-29T20:08:36.2750000Z
"x133xb",2024-08-29T20:08:17.8170000Z
"h891ts",2024-08-29T20:07:42.9640000Z
"r988gl",2024-08-29T20:07:30.1670000Z
"gb595k",2024-08-29T20:07:12.6270000Z
"33jtt4",2024-08-29T20:06:51.9000000Z
"zf228l",2024-08-29T20:06:35.5800000Z
"26xtjs",2024-08-29T20:06:21.1620000Z
"h276sn",2024-08-29T20:06:05.7490000Z
"xj089z aston martin",2024-08-29T20:05:47.4270000Z
"x915rk",2024-08-29T20:05:32.4560000Z
"s249pb",2024-08-29T20:05:16.7190000Z
"n091tz",2024-08-29T20:04:57.0380000Z
"lj80th",2024-08-29T20:04:41.1450000Z
"00zs10",2024-08-29T20:04:22.5570000Z
"r200xr",2024-08-29T20:03:34.0850000Z
"t214nd",2024-08-29T20:03:14.0600000Z
"r692lb",2024-08-29T20:02:48.1750000Z
"s535xt",2024-08-29T20:02:24.0350000Z
"r636hk",2024-08-29T20:02:03.7010000Z
"x743gd",2024-08-29T20:01:46.0080000Z
"px470f",2024-08-29T20:01:24.7560000Z
"pp353t",2024-08-29T17:28:11.7240000Z
"k972tr",2024-08-28T20:24:04.5700000Z
"z695jb bmw",2024-08-28T20:23:42.8100000Z
"sb296b",2024-08-28T20:23:20.2050000Z
"k577rt",2024-08-28T20:22:26.4810000Z
"x410fg",2024-08-28T20:22:07.8120000Z
"xv637t",2024-08-28T20:21:48.0100000Z
"t002xs",2024-08-28T20:21:26.5690000Z
"z050rz",2024-08-28T20:20:50.3020000Z
"z764dt",2024-08-28T20:20:01.8730000Z
"r493tx",2024-08-28T20:19:40.0100000Z
"k528gp",2024-08-28T20:19:23.0730000Z
"kv254z",2024-08-28T20:19:08.2800000Z
"5tbb06",2024-08-28T20:18:31.2810000Z
"ph048l",2024-08-28T20:18:15.8420000Z
"8skn73",2024-08-28T20:17:44.7060000Z
"02xvk9",2024-08-28T20:17:30.3630000Z
"t059ng",2024-08-28T20:17:15.6620000Z
"rx359x",2024-08-28T20:16:59.3800000Z
"l402hf",2024-08-28T20:16:29.6490000Z
"n354fd maserati mc20",2024-08-27T22:13:13.0130000Z
"n345fd maserati mc20",2024-08-27T22:12:40.5440000Z
"n345fd maserati",2024-08-27T22:12:25.3720000Z
"n345fd",2024-08-27T22:12:12.9000000Z
"pp351t bmw m545",2024-08-27T22:11:30.9490000Z
"pp351t rdw",2024-08-27T22:10:57.3010000Z
"pp315t rdw",2024-08-27T22:10:38.2300000Z
"pp315t",2024-08-27T22:10:28.0590000Z
"s584gj",2024-08-25T15:18:47.3720000Z
"jg863s",2024-08-25T15:18:06.3560000Z
"9252te",2024-08-25T15:17:43.4700000Z
"z161bg",2024-08-25T15:17:29.0520000Z
"l480rh",2024-08-25T15:17:12.0400000Z
"s078nk",2024-08-25T15:16:56.8390000Z
"j241ld",2024-08-25T15:16:41.9190000Z
"hv721g",2024-08-25T15:16:25.3300000Z
"t223nd",2024-08-25T15:16:10.3420000Z
"r129tf",2024-08-25T15:15:54.7250000Z
"pd651k",2024-08-25T15:15:24.0590000Z
"n269kk",2024-08-25T15:15:08.5610000Z
"nn852n",2024-08-25T15:14:50.6770000Z
"45yd96",2024-08-25T15:14:30.4340000Z
"g773ds",2024-08-25T15:13:56.1600000Z
"s577xl",2024-08-25T15:13:37.1880000Z
"67rzjv",2024-08-25T15:13:03.0870000Z
"nt381b",2024-08-25T15:12:35.3580000Z
"x727vb",2024-08-25T15:12:01.2300000Z
"s676fx",2024-08-25T15:11:34.2370000Z
"n531jn",2024-08-25T15:10:36.5720000Z
"p638xd",2024-08-25T15:10:22.2420000Z
"p542hl",2024-08-25T15:10:06.7320000Z
"zp809z",2024-08-25T15:09:53.0790000Z
"x743gd",2024-08-25T15:09:35.6330000Z
"18rpxd",2024-08-25T15:09:20.9600000Z
"t074kr",2024-08-25T15:09:06.2100000Z
"nxjf37",2024-08-25T15:08:49.2120000Z
"h541hb",2024-08-25T15:08:26.3880000Z
"z255ds",2024-08-25T15:07:16.9750000Z
"g186dr",2024-08-25T15:07:03.0110000Z
"z830fs",2024-08-25T15:06:58.9850000Z
"jz386v",2024-08-25T15:06:43.1410000Z
"j323lx",2024-08-25T15:06:00.6260000Z
"s003vr",2024-08-25T15:05:45.0040000Z
"17kpj6",2024-08-25T15:05:28.9930000Z
"zb006h",2024-08-25T15:04:35.8200000Z
"n353fd",2024-08-25T15:04:29.7300000Z
"x089jr",2024-08-25T15:03:48.9030000Z
"rg150h",2024-08-25T14:58:11.3800000Z
"x089jr",2024-08-25T11:09:04.3550000Z
"54xlpd",2024-08-24T11:12:56.5970000Z
"99kjk8",2024-08-23T13:38:10.0210000Z
"n353fd",2024-08-20T10:05:31.1770000Z
"zb006h",2024-08-20T10:05:10.5800000Z
"p886gg",2024-08-19T18:30:47.9750000Z
"17kpj6",2024-08-17T16:33:36.8990000Z
"17 kjp 6 rdw aston martin",2024-08-17T16:17:47.3720000Z
"17kjp6 rdw aston martin",2024-08-17T16:17:29.6090000Z
"17kjp6",2024-08-17T16:17:18.5540000Z
"am6473",2024-08-17T15:24:14.0310000Z
"s003vr",2024-08-17T15:14:10.3000000Z
"s460vt",2024-08-16T09:56:48.2170000Z
"j323lx",2024-08-16T09:22:46.1010000Z
"z595zp",2024-08-14T16:59:40.3470000Z
"z595pz",2024-08-14T16:59:17.4300000Z
"jk439x",2024-08-11T13:05:48.7800000Z
"x418bk",2024-08-10T17:49:38.9540000Z
"jz386v",2024-08-10T17:11:08.8020000Z
"z830fs",2024-08-10T17:10:55.1630000Z
"g186dr",2024-08-08T21:08:04.4970000Z
"td23lb rdw",2024-08-06T10:56:58.4950000Z
"td23lb",2024-08-06T10:56:52.7370000Z
"g186dr",2024-08-05T07:10:28.7510000Z
"g186dr",2024-08-04T17:05:18.7010000Z
"g186dr",2024-08-04T15:35:03.8270000Z
"h510dg",2024-08-04T13:02:22.4140000Z
"z255ds",2024-08-04T12:05:37.2320000Z
"PM5503",2024-08-04T09:24:06.4230000Z
"trp 85",2024-08-02T07:49:50.3190000Z
"h541hb",2024-08-02T07:49:30.3310000Z
"k767bd",2024-07-31T18:12:59.7430000Z
"nxjf37",2024-07-29T18:53:33.0990000Z
"rp737d",2024-07-29T18:47:59.8520000Z
"xl69ft",2024-07-27T16:34:41.8730000Z
"xlft69",2024-07-27T16:34:29.0680000Z
"t074kr",2024-07-27T11:20:32.1220000Z
"18rpxd",2024-07-25T11:00:59.0860000Z
"18rpxd",2024-07-24T16:57:58.7510000Z
"18rpxd",2024-07-24T10:41:30.3980000Z
"x743gd",2024-07-24T10:39:25.6940000Z
"zp809z",2024-07-23T15:05:41.8560000Z
"p542hl",2024-07-23T07:04:38.3380000Z
"p638xd",2024-07-23T07:03:10.1680000Z
"n531jn",2024-07-22T15:47:50.2030000Z
"rk897b",2024-07-22T15:22:19.8940000Z
"rs512b",2024-07-20T17:17:16.1850000Z
"gfj42n",2024-07-20T15:14:18.3330000Z
"s676fx",2024-07-20T15:14:00.8700000Z
"x727vb",2024-07-19T14:17:22.0680000Z
"z251np",2024-07-19T12:49:56.3180000Z
"x727vb",2024-07-19T12:19:20.1790000Z
"gfz04d",2024-07-18T19:54:34.0420000Z
"nt381b",2024-07-18T19:51:44.2130000Z
"18rpxd",2024-07-15T08:18:22.2970000Z
"67rzjv",2024-07-15T08:17:25.1140000Z
"26jkgz ferrari",2024-07-15T08:16:08.2310000Z
"26jkgz",2024-07-15T08:15:54.1040000Z
"gbt97t",2024-07-15T05:54:12.4240000Z
"s584gj",2024-07-14T21:30:58.4710000Z
"z068pz",2024-07-13T06:58:48.8620000Z
"s577xl",2024-07-12T11:43:43.0250000Z
"g773ds",2024-07-11T10:27:22.3430000Z
"nn852n",2024-07-10T18:20:55.9390000Z
"z813ht",2024-07-10T09:46:33.6350000Z
"45yd96",2024-07-09T15:06:29.2660000Z
"nn852n",2024-07-09T10:01:20.0820000Z
"k990ts rdw",2024-07-08T10:31:41.5990000Z
"k990ts",2024-07-08T10:31:21.7130000Z
"n269kk",2024-07-08T07:32:02.7150000Z
"pd651k",2024-07-06T15:45:09.3820000Z
"z432kk",2024-07-05T12:55:29.6300000Z
"r129tf",2024-07-05T11:01:02.5870000Z
"t223nd",2024-07-05T10:15:54.3930000Z
"hv721g",2024-07-03T14:30:34.8010000Z
"j241ld",2024-07-01T09:30:26.5070000Z
"s078nk",2024-06-29T16:45:18.8850000Z
"z877gf",2024-06-29T08:28:23.4910000Z
"t733xg mercedes benz amg",2024-06-28T16:24:53.7040000Z
"t730xg mercedes benz amg",2024-06-28T16:24:24.6310000Z
"t730xg mercedes benz",2024-06-28T16:23:59.7970000Z
"t730xg",2024-06-28T16:23:49.5210000Z
"l480rh",2024-06-28T16:23:35.0900000Z
"z161bg",2024-06-27T07:22:34.9650000Z
"9252te",2024-06-26T10:11:14.2780000Z
"jg863s",2024-06-26T02:59:06.9550000Z
"jg863s",2024-06-25T19:02:57.3670000Z
"s584gj",2024-06-24T10:00:41.1150000Z
"s570lz",2024-06-23T13:36:58.5250000Z
"17fp43",2024-06-23T12:11:19.9040000Z
"gz48tx",2024-06-23T12:01:25.0450000Z
"l402hf",2024-06-23T11:01:42.5400000Z
"rx359x",2024-06-23T10:56:38.9360000Z
"t059ng",2024-06-22T15:10:19.5790000Z
"02xvk9",2024-06-22T10:40:36.9170000Z
"8skn73",2024-06-22T10:12:18.7780000Z
"ph048l",2024-06-19T13:09:50.9350000Z
"5tbb06",2024-06-19T07:43:47.5130000Z
"t141xg",2024-06-19T07:27:48.6410000Z
"r692lb",2024-06-18T19:23:11.6300000Z
"s535xt",2024-06-18T19:22:31.2520000Z
"kv254z",2024-06-18T14:32:36.7590000Z
"tk857d",2024-06-15T11:25:47.0830000Z
"k528gp",2024-06-15T08:46:06.2220000Z
"k528gp",2024-06-14T15:48:37.9140000Z
"24 uur van le mans",2024-06-12T18:41:40.2010000Z
"r493tx",2024-06-12T15:23:11.6970000Z
"z764dt",2024-06-12T07:16:03.3680000Z
"t002xs",2024-06-11T14:22:41.2070000Z
"z050rz",2024-06-11T14:17:56.0660000Z
"t002xs",2024-06-10T18:53:40.4310000Z
"xv637t",2024-06-09T11:08:34.0060000Z
"x410fg",2024-06-08T15:41:20.0130000Z
"z410fg",2024-06-08T15:38:52.4430000Z
"k577rt",2024-06-08T15:26:53.3610000Z
"l638dx",2024-06-08T14:50:26.8580000Z
"kh065f",2024-06-07T15:42:37.2210000Z
"sb296b",2024-06-06T07:20:53.5470000Z
"h496xd",2024-06-03T18:24:34.1560000Z
"z695jb bmw",2024-06-02T14:20:53.9930000Z
"z695jb",2024-06-02T14:20:44.3750000Z
"k972tr",2024-06-02T11:22:58.5070000Z
"px470f",2024-06-01T15:25:45.2040000Z
"g552rj mercedes",2024-06-01T12:01:01.6060000Z
"g522rj mercedes",2024-06-01T12:00:35.5910000Z
"g522jr",2024-06-01T12:00:15.7860000Z
"g522rj",2024-06-01T12:00:01.4750000Z
"19xhhs",2024-05-30T07:13:12.7150000Z
"x743gd",2024-05-30T07:12:27.4890000Z
"r636hk",2024-05-29T17:06:37.8720000Z
"s535xt",2024-05-29T14:09:49.5640000Z
"r692lb",2024-05-27T11:19:17.8020000Z
"t214nd",2024-05-26T18:09:09.0600000Z
"r200xr",2024-05-26T18:08:17.8610000Z
"00zs10",2024-05-26T18:03:02.5880000Z
"00zs10",2024-05-26T12:17:46.8410000Z
"h276sn",2024-05-25T18:41:52.3690000Z
"un3291 lijst",2024-05-25T18:41:41.8260000Z
"un3291",2024-05-25T18:40:52.4940000Z
"lj80th",2024-05-25T14:02:33.0280000Z
"n091tz",2024-05-25T13:30:43.0430000Z
"t715jk honda",2024-05-25T13:25:15.2770000Z
"t715jk",2024-05-25T13:25:03.7250000Z
"s249pb",2024-05-25T12:42:30.4260000Z
"p222bz",2024-05-25T11:17:19.5510000Z
"x915rk",2024-05-25T10:24:03.5620000Z
"kd576b autoweek",2024-05-24T19:42:12.3300000Z
"kd576b",2024-05-24T19:41:09.2410000Z
"xj089z aston martin",2024-05-24T19:41:02.5150000Z
"xj089z aston martin",2024-05-23T17:30:11.6660000Z
"h276sn",2024-05-23T17:30:10.2110000Z
"h276sn",2024-05-23T16:29:37.4340000Z
"xj089z aston martin",2024-05-23T16:28:04.9150000Z
"xj098z aston martin",2024-05-23T15:11:22.8510000Z
"xj098z",2024-05-23T15:11:13.6490000Z
"xh098z",2024-05-23T15:11:03.7430000Z
"h276zf mercedes benz",2024-05-23T14:44:30.7070000Z
"h276zf",2024-05-23T14:44:22.6530000Z
"un3291",2024-05-23T09:10:39.1880000Z
"zf228l",2024-05-22T17:11:12.5990000Z
"26xtjs",2024-05-22T15:47:39.0530000Z
"kd576b",2024-05-21T19:26:46.1170000Z
"33jtt4",2024-05-21T19:25:27.7840000Z
"gb595k",2024-05-21T19:23:18.3500000Z
"r988gl",2024-05-20T14:39:49.8790000Z
"h891ts",2024-05-20T14:26:48.1010000Z
"n020ln",2024-05-20T13:29:13.9870000Z
"p368xd rdw mercedes slk",2024-05-18T17:37:57.6800000Z
"p368xd mercedes slk",2024-05-18T17:19:29.4050000Z
"p368xd",2024-05-18T17:19:22.7430000Z
"x133xb",2024-05-18T15:15:21.6140000Z
"h277bn",2024-05-17T13:07:32.2850000Z
"z818jt",2024-05-17T13:01:33.4210000Z
"33jtt4",2024-05-17T13:01:16.4930000Z
"1xsv09",2024-05-16T06:58:05.5850000Z
"33jtt4",2024-05-16T06:57:48.1510000Z
"r622hv",2024-05-15T17:19:33.8610000Z
"r182bv",2024-05-15T11:54:59.8030000Z
"zs761d",2024-05-15T11:53:58.7840000Z
"30nbb3",2024-05-15T07:12:33.1490000Z
"jz894t",2024-05-11T14:39:58.5110000Z
"p484vg",2024-05-11T13:47:40.5860000Z
"z823ds",2024-05-10T08:33:46.3120000Z
"j338xn",2024-05-10T08:32:09.0480000Z
"zs241p",2024-05-09T17:34:13.4220000Z
"s231pt",2024-05-09T17:33:14.3970000Z
"k180bn",2024-05-09T17:04:09.1230000Z
"s223kn",2024-05-09T16:31:32.1110000Z
"l818dk",2024-05-09T09:35:01.3330000Z
"p990pk",2024-05-08T07:51:53.8070000Z
"x601sv",2024-05-08T07:51:21.9980000Z
"x906hk",2024-05-07T18:16:43.5040000Z
"l635kx",2024-05-06T15:52:12.8220000Z
"tl623t",2024-05-05T16:28:39.2340000Z
"tl623l mercedes",2024-05-05T15:51:34.5860000Z
"tl623l",2024-05-05T15:51:21.0360000Z
"pb919j",2024-05-05T15:37:14.0540000Z
"ae4634",2024-05-05T14:15:28.6040000Z
"t372bs",2024-05-05T12:30:16.8910000Z
"r558bs",2024-05-05T12:14:03.7750000Z
"t846rp",2024-05-04T16:29:59.0250000Z
"p692lf",2024-05-04T16:15:56.0280000Z
"p629lf",2024-05-04T16:15:41.4750000Z
"r899hr",2024-05-03T20:56:54.1020000Z
"z981kn",2024-05-01T15:27:36.7080000Z
"p342zz",2024-05-01T13:35:32.0460000Z
"25 jvx",2024-05-01T08:52:28.0860000Z
"zn723d",2024-05-01T08:50:39.3780000Z
"73gbkr",2024-05-01T08:47:20.4280000Z
"x053sb",2024-05-01T08:47:10.2490000Z
"x053sb",2024-04-30T19:39:18.2740000Z
"x906hk",2024-04-29T14:10:26.9930000Z
"n992bs",2024-04-28T15:32:43.7760000Z
"x053sb",2024-04-28T15:29:34.8950000Z
"t512hk",2024-04-28T13:26:49.7420000Z
"l054vf",2024-04-28T13:26:28.7040000Z
"sk587k",2024-04-28T13:26:09.5640000Z
"k425vr",2024-04-28T11:58:19.8770000Z
"x134sk",2024-04-28T09:53:48.1150000Z
"t512hk",2024-04-28T09:53:07.8570000Z
"np143s",2024-04-28T09:52:50.2800000Z
"n960zv",2024-04-28T09:52:16.5990000Z
"n087dk",2024-04-28T09:52:00.1710000Z
"s146jp",2024-04-28T09:51:39.4720000Z
"h965gp",2024-04-28T09:51:20.7570000Z
"l579rj",2024-04-28T09:51:00.2670000Z
"sn769z",2024-04-28T09:50:42.9820000Z
"x751ll",2024-04-28T09:50:23.2260000Z
"k423jh",2024-04-28T09:49:57.6030000Z
"zf412x",2024-04-28T09:49:27.0800000Z
"pz907p",2024-04-28T09:49:07.9620000Z
"p308pd",2024-04-28T09:48:45.1240000Z
"91txv8",2024-04-28T09:48:28.0810000Z
"x743xh",2024-04-28T09:48:08.5550000Z
"75xrv7",2024-04-28T09:47:31.0080000Z
"k943pp",2024-04-28T09:46:34.3910000Z
"l118zp",2024-04-28T09:45:53.2130000Z
"xj089z",2024-04-28T09:42:22.8170000Z
"gr565n",2024-04-28T09:42:05.9790000Z
"g743vj",2024-04-28T09:39:25.4790000Z
"t627rl",2024-04-28T09:38:56.4490000Z
"l638dx",2024-04-28T09:38:28.4540000Z
"x287fr amg gt rdw",2024-04-28T09:37:04.5750000Z
"x287fr amg gt rdwdata",2024-04-28T09:36:55.8860000Z
"x287fr amg 4 door gt rdwdata",2024-04-28T09:36:42.2570000Z
"x287fr amg 4 door gt rdw",2024-04-28T09:35:38.1120000Z
"t542lr",2024-04-28T09:33:46.8870000Z
"p399xr",2024-04-28T09:33:23.2510000Z
"28krr4",2024-04-28T09:33:02.8580000Z
"hr207k",2024-04-28T09:32:40.8790000Z
"k773pt",2024-04-28T09:32:22.9710000Z
"x212xv",2024-04-28T09:32:04.0200000Z
"x190hh",2024-04-28T09:31:42.6930000Z
"47zh89",2024-04-28T08:06:22.2150000Z
"47zh89",2024-04-27T17:57:53.4710000Z
"47zh89",2024-04-27T17:10:06.5590000Z
"47zh89",2024-04-27T13:09:47.3440000Z
"x190hh",2024-04-27T12:56:59.2170000Z
"k793sx",2024-04-27T10:57:17.5110000Z
"x212xv",2024-04-26T12:04:04.0180000Z
"k773pt",2024-04-24T07:24:25.7700000Z
"k733pt bmw",2024-04-24T07:24:06.5840000Z
"k733pt",2024-04-24T07:23:54.5190000Z
"k741nj",2024-04-22T14:31:52.0060000Z
"s636bj",2024-04-22T13:36:33.4200000Z
"hr207k",2024-04-22T13:36:19.7340000Z
"28krr4",2024-04-21T14:53:56.6240000Z
"jk397s",2024-04-21T14:53:26.7460000Z
"p399xr",2024-04-21T14:03:31.4060000Z
"hvo100",2024-04-21T00:24:41.1780000Z
"z566bb",2024-04-20T17:42:14.7410000Z
"t542lr",2024-04-20T17:40:04.7110000Z
"x287fr amg 4 door gt rdw",2024-04-19T15:21:12.8860000Z
"x247rf amg gt",2024-04-19T15:19:03.6710000Z
"x247rf",2024-04-19T15:18:46.5360000Z
"x287rf",2024-04-19T15:18:32.1120000Z
"l638dx",2024-04-19T09:39:31.4670000Z
"06sgnj",2024-04-17T15:52:29.0500000Z
"t627rl",2024-04-17T15:36:15.8580000Z
"g743vj",2024-04-17T10:11:35.9200000Z
"gr565n",2024-04-16T13:34:26.8240000Z
"gr565n",2024-04-14T14:17:25.4950000Z
"xj089z",2024-04-14T14:17:11.7280000Z
"t643vp audi",2024-04-14T14:09:00.2400000Z
"t643zp audi",2024-04-14T14:08:52.4100000Z
"t643zp",2024-04-14T14:08:46.3650000Z
"l118zp",2024-04-14T13:58:34.7230000Z
"k943pp",2024-04-14T12:20:40.6910000Z
"pn289s",2024-04-14T10:57:04.9250000Z
"75xrv7",2024-04-14T10:56:49.5570000Z
"x173jt",2024-04-13T12:04:14.6630000Z
"x743xh",2024-04-10T08:09:15.0310000Z
"tp308t",2024-04-08T14:05:08.4450000Z
"91txv8",2024-04-07T15:09:00.8120000Z
"p308pd",2024-04-07T15:08:47.9610000Z
"pz907p",2024-04-07T13:56:58.4390000Z
"tg443k",2024-04-07T13:54:14.9160000Z
"zf412x",2024-04-07T13:47:51.1590000Z
"k423jh",2024-04-07T13:47:21.7920000Z
"x751ll",2024-04-07T12:55:51.2120000Z
"sn769z",2024-04-07T12:35:08.0370000Z
"l579rj",2024-04-07T12:30:47.1330000Z
"z686dd",2024-04-07T12:21:14.1040000Z
"h965gp",2024-04-07T07:41:07.7760000Z
"n774rb",2024-04-06T15:26:08.0300000Z
"n074rb",2024-04-06T15:25:51.4070000Z
"s146jp",2024-04-06T15:24:54.0290000Z
"n087dk",2024-04-06T14:00:56.6020000Z
"t760rd",2024-04-05T15:56:30.6810000Z
"g063pk",2024-04-05T08:00:56.4120000Z
"n960zv",2024-04-04T17:55:02.0810000Z
"n960zv",2024-04-04T15:07:38.3580000Z
"j053dk",2024-04-04T07:05:09.5480000Z
"np143s",2024-04-03T17:33:54.4210000Z
"t512hk",2024-04-03T16:38:15.6590000Z
"nfgb72",2024-04-03T07:05:56.5330000Z
"x134sk",2024-04-03T07:05:18.7830000Z
"97 ghb rdw",2024-04-03T07:04:42.6760000Z
"97 ghb",2024-04-03T07:04:19.7120000Z
"rz089f",2024-04-02T09:59:43.8150000Z
"59tpnb",2024-04-01T14:27:58.8910000Z
"80bkp4",2024-03-30T18:18:00.6710000Z
"clk 55 amg cabrio",2024-03-30T15:03:25.4000000Z
"s861pv",2024-03-30T14:50:23.2550000Z
"81xdz5 rdw",2024-03-30T14:45:01.1890000Z
"81xdz5",2024-03-30T14:44:00.7490000Z
"n934vf",2024-03-29T14:50:59.9200000Z
"pn101d rdw",2024-03-28T08:01:38.5950000Z
"pn101d",2024-03-28T08:01:28.1860000Z
"59tpnb",2024-03-27T12:12:40.4380000Z
"59tpnb",2024-03-27T10:55:21.9140000Z
"59tpnb",2024-03-27T08:18:38.3620000Z
"kl952g",2024-03-20T17:39:16.1730000Z
"r956bt m4 cabrio",2024-03-20T09:25:35.1800000Z
"r956bt",2024-03-20T09:25:01.2030000Z
"ae5646 rdw rolls royce",2024-03-20T09:23:26.9720000Z
"ae5646 rdw",2024-03-20T09:23:06.8590000Z
"ae5646",2024-03-20T09:22:59.1200000Z
"kl243n",2024-03-19T08:52:20.0690000Z
"kl234n",2024-03-19T08:51:57.6140000Z
"p519xf",2024-03-17T13:27:04.1660000Z
"l518gk",2024-03-17T13:26:03.5590000Z
"n323ks",2024-03-17T13:24:11.8770000Z
"t512hk",2024-03-17T13:23:57.5200000Z
"x430pn mercedes",2024-03-17T12:11:30.2420000Z
"x430np mercedes",2024-03-17T12:11:08.2360000Z
"x430np",2024-03-17T12:10:38.1490000Z
"x473pg",2024-03-16T20:09:49.7150000Z
"n073pv",2024-03-16T14:23:42.4970000Z
"p638xd",2024-03-13T11:51:12.8350000Z
"p638xd",2024-03-12T09:40:24.4210000Z
"s695gg",2024-03-10T11:04:15.3130000Z
"h965gp",2024-03-09T18:03:52.3990000Z
"x047zl",2024-03-09T14:25:33.8660000Z
"xb479v urus",2024-03-08T19:37:04.9030000Z
"rp427f ferrari",2024-03-08T08:53:23.7880000Z
"rp427f",2024-03-08T08:53:09.2250000Z
"r025pr",2024-03-07T13:08:18.0960000Z
"kk978b",2024-03-07T12:32:47.8770000Z
"zt788z",2024-03-06T19:52:00.1500000Z
"zt788z",2024-03-06T17:45:35.6000000Z
"xb479v urus",2024-03-06T08:17:39.7090000Z
"xb479b urus",2024-03-06T08:17:30.6040000Z
"xb479b",2024-03-06T08:17:14.8300000Z
"CXX252",2024-03-05T12:04:32.1770000Z
"k243bd",2024-03-04T10:40:59.7470000Z
"k243bd",2024-03-04T09:40:29.4020000Z
"xk769z",2024-03-02T13:07:19.9420000Z
"k200lf",2024-02-28T17:02:18.9820000Z
"n934vf",2024-02-28T17:00:08.6740000Z
"n934vf",2024-02-28T16:25:44.9090000Z
"n394vf",2024-02-28T16:24:56.7010000Z
"s581bk",2024-02-27T15:11:46.7200000Z
"s581bk rdw",2024-02-27T15:11:39.8680000Z
"t766gv",2024-02-24T15:52:33.2990000Z
"l866nd",2024-02-24T12:26:43.1330000Z
"l686nd mercedes",2024-02-24T12:25:18.6300000Z
"l686nd",2024-02-24T12:25:09.8520000Z
"j827rt",2024-02-24T11:51:47.4040000Z
"j827rt",2024-02-24T11:14:48.9430000Z
"h056lk",2024-02-23T18:25:00.7220000Z
"14xp74",2024-02-23T18:23:53.0870000Z
"14xp75",2024-02-23T18:20:31.3790000Z
"gh686n",2024-02-23T10:27:29.8000000Z
"h056lk",2024-02-23T08:38:22.3340000Z
"h056lk",2024-02-22T09:32:38.6110000Z
"h056lk aston martin",2024-02-22T09:32:18.3660000Z
"x190ds",2024-02-22T09:31:42.7330000Z
"x180ds",2024-02-22T09:15:55.5950000Z
"g380nh",2024-02-19T15:47:27.3660000Z
"s127hb",2024-02-19T08:40:58.5530000Z
"l791dn",2024-02-18T08:05:17.4380000Z
"l141nk",2024-02-17T16:43:52.0600000Z
"tn332h",2024-02-16T21:02:44.9710000Z
"rf738d mercedes",2024-02-16T21:02:15.1730000Z
"rf378d mercedes",2024-02-16T21:01:46.5160000Z
"rf387d mercedes",2024-02-16T21:01:11.0070000Z
"rf387d",2024-02-16T21:00:57.1230000Z
"rf378d",2024-02-16T21:00:42.7740000Z
"x269dx",2024-02-14T18:39:59.4060000Z
"l943kd",2024-02-11T18:16:00.6260000Z
"t437jl",2024-02-11T14:33:54.4190000Z
"l696hz",2024-02-11T12:49:27.9390000Z
"21nst6",2024-02-10T14:59:57.5320000Z
"x304dl",2024-02-10T14:58:38.4080000Z
"p856zx",2024-02-10T11:26:40.9120000Z
"r549gf",2024-02-07T16:59:17.0070000Z
"r549gf",2024-02-06T14:48:09.2630000Z
"p570kr",2024-02-05T13:40:44.2360000Z
"1xkg01",2024-02-02T10:14:17.6300000Z
"l791dn",2024-01-31T18:51:12.3540000Z
"n483ks",2024-01-27T13:22:38.3570000Z
"p840rk",2024-01-24T17:52:43.0150000Z
"t975ln",2024-01-22T18:16:55.1070000Z
"t975ln",2024-01-21T15:07:01.2180000Z
"p546rt",2024-01-21T15:05:47.3820000Z
"mbp85c",2024-01-20T17:05:45.9300000Z
"j623rg",2024-01-20T15:13:42.0010000Z
"52phz7",2024-01-20T14:35:37.5870000Z
"x183sh",2024-01-18T15:21:04.5620000Z
"t443zb",2024-01-14T11:35:40.5370000Z
"s274rv",2024-01-11T15:12:52.7630000Z
"s049fr",2024-01-11T15:07:25.8800000Z
"j323lx",2024-01-11T14:00:53.0080000Z
"sb004j",2024-01-11T07:53:30.4500000Z
"g741vj",2024-01-09T17:46:56.5460000Z
"g741vj",2024-01-09T13:51:30.1780000Z
"x628ll audi q8",2024-01-07T13:30:39.3080000Z
"x628ll",2024-01-07T13:23:25.6440000Z
"91txv8",2024-01-06T09:24:24.2830000Z
"kf428d",2024-01-04T14:59:21.6930000Z
"9xjp89",2024-01-04T14:58:56.8810000Z
"x544fr",2024-01-04T14:57:35.1660000Z
"vgp11l",2024-01-04T11:08:56.1390000Z
"50jst7",2024-01-02T11:52:02.2860000Z
"50jst7",2024-01-02T10:03:49.0020000Z
"x926dh",2024-01-02T10:03:31.4240000Z
"01pzb1",2023-12-30T14:01:31.3750000Z
"l115kn",2023-12-30T13:09:25.8570000Z
"zk288g",2023-12-29T10:45:45.9350000Z
"p947lk",2023-12-27T13:30:10.9200000Z
"gj635h",2023-12-26T14:26:49.1420000Z
"53kjt6",2023-12-26T14:26:13.3400000Z
"l284dp",2023-12-25T17:54:02.7790000Z
"l013jb",2023-12-25T17:23:23.8780000Z
"l635kx",2023-12-25T17:22:34.9220000Z
"zj311g",2023-12-25T17:22:15.5210000Z
"g143pk",2023-12-25T17:21:48.9010000Z
"t124sr",2023-12-25T17:21:37.6030000Z
"n269kk",2023-12-25T17:21:22.9230000Z
"rp737d",2023-12-25T17:21:01.0690000Z
"s695gg",2023-12-25T17:20:30.9860000Z
"t654br",2023-12-25T17:20:16.9340000Z
"ts989b",2023-12-25T17:19:52.7750000Z
"rh115l",2023-12-25T17:19:37.5820000Z
"xj154l",2023-12-25T17:18:49.5070000Z
"1txb75",2023-12-25T17:18:28.5320000Z
"91nlhj rdw",2023-12-25T17:18:06.9210000Z
"21nst6",2023-12-25T17:17:44.9670000Z
"l078bx",2023-12-25T17:16:58.7250000Z
"j239vj",2023-12-25T17:15:55.2430000Z
"69jjxj",2023-12-25T17:14:47.6340000Z
"r329lh",2023-12-25T17:14:30.4350000Z
"t353gt",2023-12-25T17:14:10.7110000Z
"52phz7",2023-12-25T17:13:53.7680000Z
"n798sx",2023-12-25T17:13:34.4860000Z
"s135pp",2023-12-25T17:13:14.2910000Z
"r907dz",2023-12-25T17:12:58.7980000Z
"3snt31",2023-12-25T17:12:40.7570000Z
"t117bl",2023-12-25T17:12:21.2920000Z
"ps961r",2023-12-25T17:12:12.0010000Z
"x321kn",2023-12-24T16:42:30.1180000Z
"ps961r",2023-12-23T17:50:23.0790000Z
"r729gp",2023-12-23T16:30:01.1830000Z
"t117bl",2023-12-23T16:09:38.0360000Z
"3snt31",2023-12-23T15:51:31.0440000Z
"r907dz",2023-12-23T14:56:14.7500000Z
"s135pp",2023-12-23T12:20:44.2150000Z
"s112tx rdw",2023-12-23T12:11:38.0140000Z
"s112tx",2023-12-23T12:11:23.7060000Z
"n798sx",2023-12-23T12:10:14.7370000Z
"52phz7",2023-12-22T17:54:34.8510000Z
"t353gt",2023-12-22T08:40:02.9940000Z
"r329lh",2023-12-20T19:54:25.1720000Z
"r729nd",2023-12-20T19:14:16.4340000Z
"r729nj audi rs5",2023-12-20T17:22:57.3690000Z
"r729nj audi ts5",2023-12-20T17:22:48.7650000Z
"r729nj audi",2023-12-20T17:22:26.7490000Z
"r729nj",2023-12-20T17:22:08.6000000Z
"69jjxj",2023-12-20T08:59:56.7580000Z
"x832dp",2023-12-15T17:43:47.9230000Z
"j239vj",2023-12-15T16:51:55.3190000Z
"hg53fs autoweek",2023-12-15T14:39:57.4320000Z
"hg53fs",2023-12-15T14:39:30.9200000Z
"ps961r",2023-12-10T18:52:31.6560000Z
"xf894l",2023-12-10T13:34:00.7190000Z
"ps961r",2023-12-10T13:25:20.9980000Z
"l078bx",2023-12-10T12:09:38.6410000Z
"g452se rdwdata",2023-12-09T15:09:59.7970000Z
"g452se rdw",2023-12-09T15:09:42.6600000Z
"g452se",2023-12-09T15:09:34.9980000Z
"21nst6",2023-12-09T14:52:16.5530000Z
"91nlhj rdw",2023-12-09T14:47:13.5650000Z
"1txb75",2023-12-09T10:56:55.5080000Z
"xj154l",2023-12-09T10:13:27.1750000Z
"l434rx",2023-12-09T09:57:23.3130000Z
"s227gg bmw",2023-12-08T16:35:12.4620000Z
"s227gg",2023-12-08T16:34:56.5200000Z
"rh115l",2023-12-06T12:40:26.1890000Z
"ts989b",2023-12-06T09:39:00.3360000Z
"n019bd",2023-12-05T14:11:08.7570000Z
"t654br",2023-12-04T12:48:07.8140000Z
"s695gg",2023-12-03T10:16:49.7210000Z
"rp737d",2023-12-02T17:04:40.8420000Z
"n269kk",2023-11-30T07:42:37.4260000Z
"t124sr",2023-11-26T13:54:37.6380000Z
"g143pk",2023-11-26T13:12:24.7250000Z
"80xdsg",2023-11-25T14:29:37.9360000Z
"k599gp",2023-11-25T14:03:09.9610000Z
"zj311g",2023-11-25T13:13:56.7280000Z
"l635kx",2023-11-24T14:23:24.6320000Z
"56gkl1",2023-11-22T15:54:35.6000000Z
"56gxl1",2023-11-22T15:54:24.4780000Z
"l013jb",2023-11-22T15:02:56.3190000Z
"kg527j",2023-11-20T21:20:54.8000000Z
"tp832s",2023-11-19T14:38:11.1820000Z
"s708vn",2023-11-18T13:31:56.7080000Z
"l284dp",2023-10-22T12:47:24.1580000Z
"T002XS",2023-10-06T18:57:43.4110000Z
"ps835x",2023-10-03T17:42:25.1750000Z
"g724ln",2023-10-01T16:30:51.9330000Z
"r779ht",2023-06-28T16:27:51.3750000Z
"rs512b",2023-06-28T07:22:42.7810000Z
"zf976v",2023-06-26T11:25:15.6320000Z
"n146zb",2023-06-26T11:24:06.5840000Z
"52phz7",2023-06-26T10:15:01.8710000Z
"t742gl",2023-06-23T19:02:35.6600000Z
"tt1111 rdw",2023-06-23T08:17:48.9440000Z
"tt1111",2023-06-23T08:10:31.9870000Z
"gh29zy",2023-06-22T09:05:31.5130000Z
"zb627x",2023-06-22T09:05:10.1170000Z
"zf976v",2023-06-22T09:04:29.8460000Z
"4xxd95",2023-06-19T15:56:10.4780000Z
"p532hx",2023-06-17T16:35:23.2900000Z
"p532hk",2023-06-17T16:35:16.6470000Z
"s661jx",2023-06-17T12:11:57.9990000Z
"hd320z",2023-06-10T15:08:29.8730000Z
"r779ht",2023-06-09T17:25:28.5960000Z
"n353fd",2023-06-07T12:07:59.3830000Z
"r106bx",2023-06-07T11:37:39.9220000Z
"ut4302 samsung",2023-06-06T19:05:53.7460000Z
"ut4302",2023-06-06T19:05:42.2030000Z
"p537ts",2023-06-06T06:35:05.8200000Z
"j600bz",2023-06-06T06:33:45.2030000Z
"08ztt4",2023-06-05T08:20:31.8000000Z
"sj289f",2023-06-04T16:02:55.7160000Z
"08ztt4",2023-06-04T11:50:52.2560000Z
"08 zzt 4 aston martin rdw",2023-06-04T11:49:31.8230000Z
"08zzt4 aston martin rdw",2023-06-04T11:49:08.6280000Z
"08zzt4 aston martin",2023-06-04T11:46:46.9490000Z
"08zzt4",2023-06-04T11:46:40.5950000Z
"32inch tv",2023-06-04T08:56:24.3120000Z
"72shkn rdw aston martin",2023-06-02T07:54:12.7770000Z
"72shvn",2023-06-02T07:34:20.5610000Z
"dz7644",2023-06-02T07:15:26.0250000Z
"14rfj5 rdw",2023-05-31T18:16:25.1430000Z
"14rfj5",2023-05-31T18:15:53.7940000Z
"r664nr",2023-05-31T16:32:22.6900000Z
"zv612b",2023-05-28T20:30:39.9530000Z
"l211zx",2023-05-28T13:02:02.7610000Z
"r541hz",2023-05-28T13:01:49.8030000Z
"zt563p",2023-05-27T10:47:44.0100000Z
"j241ld",2023-05-25T14:18:45.8240000Z
"rb679g",2023-05-25T14:08:13.9660000Z
"g581sg",2023-05-25T13:51:53.0090000Z
"zj98gn",2023-05-22T11:17:52.2350000Z
"k474kp",2023-05-21T17:10:37.8410000Z
"2zld76",2023-05-20T15:23:20.6190000Z
"2zdl72 ferrari",2023-05-20T15:22:30.8310000Z
"p532hx",2023-05-19T18:28:03.7940000Z
"j810kp",2023-05-19T10:25:01.6910000Z
"blfs01",2023-05-18T12:30:22.1540000Z
"s220lg",2023-05-14T12:42:30.4930000Z
"j961kn",2023-05-13T17:14:46.8620000Z
"h650hb",2023-05-13T17:11:33.2320000Z
"j961kl mercedes sls rdw",2023-05-13T17:06:47.4440000Z
"j961kl mercedes sls",2023-05-13T17:06:31.4340000Z
"j916kl rdw mercedes amg gt",2023-05-13T15:24:43.5700000Z
"j961kl mercedes amg gt",2023-05-13T15:23:26.8740000Z
"j961kl mercedes",2023-05-13T15:23:15.2150000Z
"j961kl",2023-05-13T15:23:02.8670000Z
"r640sz",2023-05-13T11:20:17.1880000Z
"xj678j",2023-05-13T11:19:55.0770000Z
"52xbsh",2023-05-13T11:19:40.9280000Z
"l153nd",2023-05-13T10:42:32.6480000Z
"k625rj",2023-05-13T10:42:13.2530000Z
"st156p austin",2023-05-13T10:41:56.2260000Z
"g455dv",2023-05-13T10:41:34.6190000Z
"pv394d",2023-05-13T10:41:13.4530000Z
"p463rd",2023-05-13T10:40:58.3480000Z
"92hslk",2023-05-13T10:40:39.9270000Z
"gk237f",2023-05-13T10:39:11.0310000Z
"n023sr",2023-05-13T10:38:57.7610000Z
"ns303x",2023-05-13T10:38:42.1780000Z
"g615dj",2023-05-13T10:38:29.3360000Z
"n353fd",2023-05-13T10:38:14.9140000Z
"s633hf",2023-05-13T10:37:59.2650000Z
"jl107g",2023-05-13T10:37:44.8530000Z
"jz065f",2023-05-13T10:37:27.6080000Z
"k932gk",2023-05-13T10:37:14.7310000Z
"s778bx",2023-05-13T10:36:57.8150000Z
"s365ht",2023-05-13T10:35:31.1400000Z
"xj057p",2023-05-13T10:35:25.1230000Z
"s164jt",2023-05-13T10:34:49.3080000Z
"01rsjs",2023-05-13T10:34:27.9770000Z
"r541hz",2023-05-13T10:34:10.3510000Z
"5tvl39",2023-05-13T10:33:54.0310000Z
"n569nj",2023-05-13T10:33:10.6440000Z
"s491hp",2023-05-13T10:32:54.0660000Z
"k474kp",2023-05-13T10:32:34.7930000Z
"46tdj8",2023-05-13T10:32:16.4080000Z
"r702dl",2023-05-13T10:32:00.1790000Z
"p840hh",2023-05-13T10:31:44.8730000Z
"kh552f",2023-05-13T10:31:30.9860000Z
"3xfr29",2023-05-13T10:31:15.1760000Z
"s090gr",2023-05-13T10:31:02.4640000Z
"s036xr",2023-05-13T10:30:25.1160000Z
"p532hx",2023-05-13T10:30:07.4700000Z
"j600bz",2023-05-13T10:29:36.9970000Z
"78zjxz",2023-05-13T10:29:06.2620000Z
"s046lt",2023-05-13T10:28:21.7800000Z
"r190jr",2023-05-13T10:27:56.8470000Z
"p301bx",2023-05-13T10:27:28.1280000Z
"r319bn",2023-05-13T10:27:07.3630000Z
"l818dk",2023-05-13T10:26:47.6550000Z
"l152sk",2023-05-13T10:26:41.3530000Z
"al1213 rdw",2023-05-13T10:25:59.1290000Z
"n088rx",2023-05-13T10:25:35.5250000Z
"j458fk",2023-05-13T10:25:09.6080000Z
"n446kv",2023-05-13T10:24:40.4400000Z
"h673sb",2023-05-13T10:24:13.7240000Z
"g576lb",2023-05-13T10:21:02.5420000Z
"88ppv5",2023-05-13T10:20:43.1960000Z
"n286gx",2023-05-13T10:20:24.9340000Z
"r952bt",2023-05-13T10:20:08.3260000Z
"rxtg12",2023-05-13T10:19:49.0880000Z
"rtll28",2023-05-13T10:19:07.3540000Z
"20br52",2023-05-13T10:18:52.6710000Z
"jd385t",2023-05-13T10:18:31.1270000Z
"rt766b",2023-05-13T10:18:07.6540000Z
"h631jb",2023-05-13T10:17:24.7250000Z
"tt156g",2023-05-11T15:30:58.4100000Z
"p155bg alfa romeo",2023-05-11T15:30:24.4570000Z
"p155gb alfa romeo",2023-05-11T15:30:15.7880000Z
"p155gb",2023-05-11T15:30:02.1370000Z
"rt766b",2023-05-09T14:12:10.4710000Z
"h631jb",2023-05-09T14:11:57.3020000Z
"h671jb lamborghini rdw urus",2023-05-09T14:11:21.8470000Z
"h671jb lamborghini",2023-05-09T14:10:48.6340000Z
"h671jb",2023-05-09T14:10:38.6390000Z
"jd385t",2023-05-07T10:32:00.1800000Z
"20br52",2023-05-07T08:08:01.7270000Z
"20br52",2023-05-06T07:01:36.1460000Z
"rtll28",2023-05-05T07:42:11.7250000Z
"p212gr",2023-04-30T13:19:12.0730000Z
"rxtg12",2023-04-29T15:39:30.8580000Z
"r952bt",2023-04-28T08:48:07.7720000Z
"n286gx",2023-04-28T08:41:40.9670000Z
"88ppv5",2023-04-27T18:00:00.4580000Z
"g576lb",2023-04-27T17:57:36.3930000Z
"h673sb",2023-04-27T17:57:01.2390000Z
"n446kv",2023-04-27T16:03:05.6240000Z
"j458fk",2023-04-26T10:37:18.2610000Z
"r646vd rdw",2023-04-24T09:18:28.3850000Z
"r646vd",2023-04-24T09:18:18.0020000Z
"gt205n",2023-04-23T18:29:17.5120000Z
"n088rx",2023-04-23T11:50:33.3630000Z
"al1213 rdw",2023-04-23T08:04:36.6340000Z
"al1213 rdw",2023-04-22T19:08:25.6530000Z
"al1213",2023-04-22T19:08:14.9930000Z
"l818dk",2023-04-22T12:39:34.6720000Z
"l152sk",2023-04-22T12:12:48.1500000Z
"l153sk",2023-04-22T12:12:15.5860000Z
"45njf4",2023-04-22T12:11:41.7870000Z
"l818dk",2023-04-22T12:05:44.3680000Z
"r319bn",2023-04-21T16:30:36.6850000Z
"p301bx",2023-04-21T08:28:11.7530000Z
"ov9292",2023-04-19T19:44:15.7820000Z
"ov9292",2023-04-19T17:49:20.1920000Z
"r190jr",2023-04-18T10:28:53.2370000Z
"s046lt",2023-04-17T20:18:18.6570000Z
"s064lt mercedes rdw",2023-04-17T20:16:42.6100000Z
"s064lt mercedes",2023-04-17T11:55:08.3600000Z
"s064lt",2023-04-17T11:55:01.4570000Z
"ar4386 porsche rdw",2023-04-16T16:07:34.3340000Z
"ar4386 porsche",2023-04-16T16:07:23.3340000Z
"ar4686",2023-04-16T16:06:28.9600000Z
"78zjxz",2023-04-14T20:41:32.4430000Z
"78zjxz",2023-04-14T09:05:56.9000000Z
"fw2295",2023-04-11T16:48:01.9860000Z
"fw2295",2023-04-11T16:47:33.5360000Z
"dp2384 w e 3s pant fl",2023-04-11T14:33:50.8850000Z
"dp2384",2023-04-11T14:31:25.5450000Z
"j600bz",2023-04-11T13:19:43.0610000Z
"84nsr5",2023-04-11T06:51:15.4170000Z
"84nsx9",2023-04-11T06:51:06.5300000Z
"84nsx5",2023-04-11T06:50:59.6840000Z
"top 50 red hot chili peppers songs",2023-04-09T06:38:52.6300000Z
"top 40 red hot chili peppers songs",2023-04-09T06:37:36.5940000Z
"s063mx",2023-04-08T13:29:28.7480000Z
"s063nx",2023-04-08T13:29:21.2050000Z
"s063bx",2023-04-08T13:29:14.9510000Z
"s063vx",2023-04-08T13:29:06.7020000Z
"s063cx",2023-04-08T13:28:59.7750000Z
"s063xx",2023-04-08T13:28:53.3210000Z
"s063zx",2023-04-08T13:28:44.8970000Z
"s063lx",2023-04-08T13:28:34.2020000Z
"s063kx",2023-04-08T13:28:28.8510000Z
"s063jx",2023-04-08T13:28:23.1100000Z
"s063hx",2023-04-08T13:28:12.9820000Z
"s063gx",2023-04-08T13:27:46.2680000Z
"s063fx",2023-04-08T13:27:39.8060000Z
"s063dx",2023-04-08T13:27:29.4300000Z
"s063sx",2023-04-08T13:27:16.3290000Z
"s063px",2023-04-08T13:27:00.7520000Z
"s063tx",2023-04-08T13:26:49.1250000Z
"s063rx",2023-04-08T13:26:39.9480000Z
"s063wx",2023-04-08T13:26:31.5320000Z
"x063hx",2023-04-08T13:25:30.4970000Z
"x063gx",2023-04-08T13:24:54.0970000Z
"x063fx",2023-04-08T13:24:45.0850000Z
"x063dx",2023-04-08T13:24:09.1470000Z
"x063sx",2023-04-08T13:23:57.5340000Z
"x063px",2023-04-08T13:23:46.0450000Z
"x063tx",2023-04-08T13:23:30.0040000Z
"x063rx",2023-04-08T13:23:21.3010000Z
"x063wx",2023-04-08T13:23:08.8270000Z
"x063qx",2023-04-08T13:22:58.6620000Z
"x063wx",2023-04-08T13:22:33.2410000Z
"x063px",2023-04-08T13:20:52.0790000Z
"p532hx",2023-04-08T13:20:12.3700000Z
"x063xx",2023-04-08T13:19:37.6910000Z
"x036xx",2023-04-08T13:19:17.7810000Z
"x036sx",2023-04-08T13:18:39.3420000Z
"x036rx",2023-04-08T13:18:15.6420000Z
"s036xr",2023-04-08T12:24:09.8420000Z
"s036rx rdw",2023-04-08T12:22:38.1040000Z
"r036xr",2023-04-08T12:21:01.7910000Z
"s063xr",2023-04-08T11:44:12.2900000Z
"s063gx",2023-04-08T11:05:09.9140000Z
"s063rx",2023-04-08T11:04:44.3150000Z
"s063sx",2023-04-08T11:04:10.2470000Z
"s063xs",2023-04-08T11:03:49.8830000Z
"s090gr",2023-04-08T10:55:47.2710000Z
"3xfr29",2023-04-07T17:38:18.5510000Z
"kh552f",2023-04-06T18:59:40.5460000Z
"kh552f",2023-04-05T16:04:37.1420000Z
"kh552f",2023-04-05T11:32:12.8260000Z
"p840hh",2023-04-02T16:36:03.7030000Z
"r702dl",2023-04-02T15:40:08.3260000Z
"46tdj8",2023-04-02T15:39:52.4430000Z
"k474kp",2023-04-02T15:39:08.4090000Z
"n499td",2023-04-02T07:49:42.5720000Z
"s491hp",2023-04-01T13:06:53.4510000Z
"s544rs rdw",2023-04-01T06:31:18.4600000Z
"s544rs",2023-04-01T06:31:07.5630000Z
"n569nj",2023-03-31T16:50:07.5670000Z
"31 ene 2023 english",2023-03-28T19:34:54.8980000Z
"31 ene 2023",2023-03-28T19:34:11.4520000Z
"s684hk rdw",2023-03-26T16:00:12.2180000Z
"s684hk",2023-03-26T15:59:56.6860000Z
"5tvl39",2023-03-25T10:42:58.3370000Z
"r541hz",2023-03-24T09:10:37.1800000Z
"n055bx",2023-03-19T15:28:00.4620000Z
"s234jn",2023-03-18T09:54:17.1930000Z
"01rsjs",2023-03-17T17:12:36.9740000Z
"s164jt",2023-03-13T08:09:52.0080000Z
"xj057p",2023-03-11T15:25:50.4730000Z
"s365ht",2023-03-11T14:01:14.6540000Z
"s778bx",2023-03-05T20:49:18.5500000Z
"k932gk",2023-03-05T13:12:42.7830000Z
"p507kk rdw",2023-03-05T12:15:05.3440000Z
"p507kk",2023-03-05T12:14:46.0470000Z
"jz065f",2023-02-27T17:47:25.0050000Z
"jz065f",2023-02-26T13:25:36.4820000Z
"r110sn",2023-02-26T12:10:34.8570000Z
"jl107g",2023-02-24T17:45:59.7590000Z
"s633hf",2023-02-24T17:45:30.6080000Z
"n353fd",2023-02-21T19:18:09.0440000Z
"g615dj",2023-02-21T18:16:40.7220000Z
"ns303x",2023-02-19T13:33:40.7380000Z
"n023sr",2023-02-19T13:14:56.1880000Z
"gk237f",2023-02-19T13:14:37.1440000Z
"92hslk",2023-02-18T15:48:44.7370000Z
"p463rd",2023-02-15T17:08:18.5890000Z
"pv394d",2023-02-13T15:17:34.8320000Z
"pf 394 mercedes amg gt",2023-02-13T15:17:17.0770000Z
"pf394d mercedes amg",2023-02-13T15:14:32.8140000Z
"pf394d mercedes",2023-02-13T15:14:14.8530000Z
"pf394d",2023-02-13T15:02:25.3760000Z
"54hs23",2023-02-12T16:47:58.0740000Z
"g455dv",2023-02-12T12:00:46.9640000Z
"n448lj",2023-02-10T11:26:24.4610000Z
"st156p austin",2023-02-07T13:00:44.4830000Z
"st156p austin",2023-02-05T15:42:33.6450000Z
"st156p",2023-02-05T15:42:22.1310000Z
"top 40 langste nummer 1",2023-02-04T21:17:35.2570000Z
"top 40",2023-02-04T19:07:02.8920000Z
"3kxs77",2023-02-04T12:23:03.0980000Z
"k625rj",2023-02-03T09:22:47.8290000Z
"k625rj",2023-02-02T21:21:34.7230000Z
"k625rj",2023-02-02T17:33:42.8780000Z
"k625rj",2023-02-02T12:52:11.4930000Z
"ov9292",2023-01-26T19:28:20.9550000Z
"ov9292",2023-01-26T18:49:57.0360000Z
"l153nd",2023-01-22T16:15:02.6150000Z
"hv101s mercedes",2023-01-15T21:24:54.3590000Z
"hv101s",2023-01-15T21:24:31.5390000Z
"hv101s",2023-01-15T16:43:57.5490000Z
"r039dt",2023-01-14T18:34:46.7990000Z
"s910gd",2023-01-08T15:18:16.8190000Z
"s476bv bentley",2023-01-08T14:40:03.5470000Z
"s476bv",2023-01-08T14:39:31.2740000Z
"52xbsh",2023-01-08T13:57:32.4960000Z
"xj678j",2023-01-08T08:24:21.6940000Z
"xj678j",2023-01-07T18:23:59.9840000Z
"r640sz",2023-01-07T16:05:03.4910000Z
"s314fg",2023-01-06T09:32:45.7090000Z
"dk04fb",2023-01-01T12:47:39.7660000Z
"gv102l",2022-12-30T19:35:30.5370000Z
"88 khx 2 audi r8",2022-12-30T13:06:50.0930000Z
"88khx2 audi r8",2022-12-30T13:06:30.8670000Z
"88khx2",2022-12-30T13:06:10.4620000Z
"n353fd",2022-12-30T09:13:02.0310000Z
"j600tt",2022-12-28T10:37:24.1870000Z
"hgfh01",2022-12-28T10:37:08.3050000Z
"68nxf1",2022-12-28T10:36:37.5750000Z
"zr772k",2022-12-28T10:36:24.1640000Z
"zj488z",2022-12-28T10:35:44.3210000Z
"tt156g",2022-12-28T10:34:15.1950000Z
"p045jg",2022-12-28T10:34:02.4840000Z
"nt381b",2022-12-28T10:33:47.8640000Z
"dz2110",2022-12-28T10:33:20.5150000Z
"gm9108 rdw",2022-12-28T10:32:38.0100000Z
"ts085k",2022-12-28T10:32:00.3080000Z
"g359hk",2022-12-28T10:30:47.0500000Z
"k517vv",2022-12-28T10:30:14.8540000Z
"h033vd",2022-12-28T10:30:00.8430000Z
"19nrxk",2022-12-28T10:29:30.2280000Z
"n286gx",2022-12-28T10:29:16.4930000Z
"12ztx5",2022-12-28T10:29:00.5260000Z
"pf285j",2022-12-28T10:28:45.3590000Z
"4830zs",2022-12-28T10:28:04.5360000Z
"zn718n",2022-12-28T10:27:48.0820000Z
"p500lr",2022-12-28T10:27:14.6100000Z
"n628hz",2022-12-28T10:27:01.6010000Z
"jp307x",2022-12-28T10:26:47.0410000Z
"36nbpx",2022-12-28T10:26:32.8850000Z
"k397tf",2022-12-28T10:26:17.7900000Z
"k119hk",2022-12-28T10:25:39.9060000Z
"kv027l",2022-12-28T10:24:58.3580000Z
"n055bx",2022-12-28T10:24:34.3140000Z
"zh840t",2022-12-28T10:22:20.6590000Z
"36sbgj",2022-12-28T10:22:04.5040000Z
"n909jd",2022-12-28T10:21:48.8550000Z
"n084tz",2022-12-28T10:21:30.6200000Z
"hp735j",2022-12-28T10:21:15.0540000Z
"p537ts",2022-12-28T10:18:54.8600000Z
"h008pt",2022-12-28T10:18:38.4490000Z
"hngb78",2022-12-28T10:17:57.3020000Z
"p367jk",2022-12-28T10:17:26.1360000Z
"h054xb",2022-12-28T10:16:31.2100000Z
"n681fh",2022-12-28T10:16:28.8410000Z
"k177hf rdw chrysler",2022-12-28T10:15:19.9630000Z
"r163hz",2022-12-28T10:15:04.4740000Z
"vlf94s",2022-12-28T10:14:40.7560000Z
"jb428f",2022-12-28T10:14:22.7930000Z
"j676dz",2022-12-28T10:14:03.3520000Z
"zs205f",2022-12-28T10:13:47.8470000Z
"pm4831",2022-12-28T10:13:29.5190000Z
"67rzjv",2022-12-28T10:12:50.8310000Z
"p914fx",2022-12-28T10:12:36.7850000Z
"gt164v",2022-12-28T10:12:21.6380000Z
"hl577s",2022-12-28T10:12:08.1590000Z
"jk818t",2022-12-28T10:11:49.0260000Z
"k063pv",2022-12-28T10:11:27.8090000Z
"r105lr",2022-12-28T10:11:12.0450000Z
"xn760n",2022-12-28T10:10:53.8150000Z
"p463rd",2022-12-28T10:10:05.1880000Z
"sn920z",2022-12-28T10:09:27.7860000Z
"tg018z",2022-12-28T10:09:06.8320000Z
"sk842l",2022-12-28T10:08:50.6620000Z
"gt976k rolls royce",2022-12-28T10:08:33.0940000Z
"k705fl mercedes",2022-12-28T10:07:59.6700000Z
"r397bk",2022-12-28T10:07:23.3580000Z
"kf247h",2022-12-28T10:06:46.9500000Z
"g078fv",2022-12-27T16:01:40.2330000Z
"zs205f",2022-12-24T14:07:42.4500000Z
"j676dz",2022-12-24T13:58:41.9970000Z
"r421xp",2022-12-23T10:33:42.0570000Z
"jj339d",2022-12-22T14:44:32.6930000Z
"kf247h",2022-12-22T12:55:29.0470000Z
"r397bk",2022-12-21T15:14:01.7640000Z
"bus 30 wateringen",2022-12-18T16:17:01.7210000Z
"bus 30",2022-12-18T16:16:45.7310000Z
"r235tn",2022-12-16T20:59:57.8790000Z
"r838fl rdw",2022-12-09T16:50:08.7160000Z
"r838fl",2022-12-09T16:49:59.5830000Z
"k705fl mercedes",2022-12-04T19:58:36.6710000Z
"k795fl mercedes",2022-12-04T19:58:06.2740000Z
"k795fl",2022-12-04T19:57:41.6780000Z
"k705fl",2022-12-04T19:57:23.8460000Z
"gt976k rolls royce",2022-12-04T19:56:48.9930000Z
"gt876k rolls royce",2022-12-04T19:56:20.3620000Z
"gt 976 k rolls royce",2022-12-04T19:52:39.2300000Z
"gt976k",2022-12-04T19:51:45.0840000Z
"k362gx",2022-12-04T18:22:10.1600000Z
"sk842l",2022-12-04T18:21:39.0460000Z
"tg018z",2022-12-04T18:21:26.1530000Z
"sn920z",2022-12-03T13:05:53.4780000Z
"p463rd",2022-12-02T10:11:42.1210000Z
"r454sb",2022-11-28T11:33:19.0590000Z
"xn760n",2022-11-26T08:29:11.6870000Z
"n922bt",2022-11-19T16:43:31.0520000Z
"r453nb",2022-11-19T16:19:16.2720000Z
"px163r",2022-11-19T13:16:33.5720000Z
"n073pv",2022-11-19T13:16:04.9070000Z
"xn760n",2022-11-19T11:58:59.4310000Z
"l816kt",2022-11-15T18:57:21.4670000Z
"r016ns",2022-11-14T19:50:49.4410000Z
"r216ns",2022-11-14T19:50:39.3220000Z
"33 kbx 5",2022-11-12T17:44:01.6200000Z
"33kbx5",2022-11-12T17:43:31.4010000Z
"33bks5",2022-11-12T17:43:07.2100000Z
"33bkx5",2022-11-12T17:42:16.3800000Z
"r161nx",2022-11-10T17:55:53.0960000Z
"k018vz",2022-11-06T15:52:40.0960000Z
"r105lr",2022-11-05T15:24:10.3870000Z
"k063pv",2022-11-01T15:47:27.9300000Z
"jk818t",2022-10-30T18:19:40.3450000Z
"hl577s",2022-10-30T18:19:22.8230000Z
"gt164v",2022-10-29T10:04:53.7490000Z
"p914fx",2022-10-27T21:47:31.2020000Z
"p914fx",2022-10-26T17:34:33.9880000Z
"67rzjv",2022-10-24T13:53:04.0190000Z
"zh447l",2022-10-22T13:57:25.6430000Z
"pm4831",2022-10-22T11:36:12.4230000Z
"zs205f",2022-10-21T16:39:55.7830000Z
"h778rs",2022-10-21T07:37:53.6350000Z
"h600kv",2022-10-20T12:22:56.9730000Z
"j676dz",2022-10-19T16:41:55.4450000Z
"jb428f",2022-10-17T16:45:30.7270000Z
"jv428f",2022-10-17T16:45:15.9250000Z
"n535xj",2022-10-16T19:40:49.2110000Z
"70srjg",2022-10-16T16:34:27.4610000Z
"vlf94s",2022-10-15T17:24:40.9300000Z
"r163hz",2022-10-15T17:16:59.5990000Z
"p557pb rdw honda",2022-10-14T17:19:33.9330000Z
"p557pb",2022-10-14T07:43:44.9420000Z
"k177hf rdw chrysler",2022-10-10T10:09:31.3430000Z
"k177hf rdw",2022-10-10T10:08:53.2520000Z
"k177hf",2022-10-10T10:08:43.0040000Z
"ios 16 airplay not working",2022-10-08T17:54:20.2890000Z
"76zfdx",2022-10-08T17:35:24.2990000Z
"g168rp",2022-10-08T14:56:28.7300000Z
"g186rp",2022-10-08T14:54:20.7140000Z
"n681fh",2022-10-07T18:13:51.3440000Z
"h054xb",2022-10-07T16:31:40.5510000Z
"zl 978 j rdw maserati",2022-10-04T17:59:23.3490000Z
"zl978j maserati",2022-10-04T17:05:06.8240000Z
"zl978j",2022-10-04T17:04:56.4800000Z
"p367jk",2022-10-02T16:11:18.7570000Z
"hngb78",2022-10-02T16:05:40.0250000Z
"hngb78",2022-10-02T15:02:01.4630000Z
"top 40",2022-10-01T19:18:17.0150000Z
"r163hz",2022-10-01T14:31:03.7700000Z
"p147dz",2022-10-01T12:46:18.7460000Z
"h008pt",2022-09-30T16:53:53.0220000Z
"p537ts",2022-09-29T07:53:48.6670000Z
"hp735j",2022-09-24T12:29:27.6780000Z
"n909jd",2022-09-23T08:38:49.7090000Z
"36sbgj",2022-09-23T07:59:51.2800000Z
"zh840t",2022-09-21T16:45:06.8020000Z
"68nxf1",2022-09-19T08:41:02.0720000Z
"66fgzk rdw",2022-09-19T08:03:35.9490000Z
"66fgzk",2022-09-19T08:03:28.5690000Z
"n207kx",2022-09-18T19:17:43.8170000Z
"l501kh",2022-09-18T16:43:15.9160000Z
"r803bd",2022-09-18T11:21:13.8060000Z
"n055bx",2022-09-17T10:31:39.7430000Z
"kv027l",2022-09-16T08:26:54.6120000Z
"txlg05 rdw",2022-09-14T19:53:03.1020000Z
"p656pp",2022-09-14T19:51:59.1910000Z
"k119hk",2022-09-14T19:51:18.6060000Z
"r491bn",2022-09-14T07:55:46.3380000Z
"7xpb11",2022-09-13T21:50:55.5940000Z
"p065gk",2022-09-13T18:36:34.7380000Z
"k397tf",2022-09-11T19:22:39.8960000Z
"k392lt ferrari",2022-09-11T19:21:39.5890000Z
"k392lt",2022-09-11T19:21:30.1310000Z
"36nbpx",2022-09-11T19:21:17.0800000Z
"n628hz",2022-09-11T19:20:45.0040000Z
"jp307x",2022-09-11T18:36:42.4040000Z
"n689hz",2022-09-11T18:35:20.7630000Z
"n689hz hyra",2022-09-11T18:35:16.8710000Z
"n686hz hyra",2022-09-11T18:35:06.9450000Z
"n686hz",2022-09-11T18:34:28.3020000Z
"p500lr",2022-09-11T15:30:54.7300000Z
"hk885l",2022-09-11T11:38:08.1510000Z
"zn718n",2022-09-10T14:45:37.2680000Z
"4830zs",2022-09-10T13:18:20.9130000Z
"4830zs",2022-09-10T12:06:04.4930000Z
"4830sz",2022-09-10T12:05:53.2960000Z
"ov9292",2022-09-10T07:47:05.3680000Z
"pm1619",2022-09-09T17:19:11.3550000Z
"h571lv",2022-09-09T16:29:50.3710000Z
"pf285j",2022-09-09T08:05:30.9540000Z
"12ztx5",2022-09-05T07:53:12.3680000Z
"n286gx",2022-09-05T07:51:32.4640000Z
"19nrxk",2022-09-05T07:51:12.6790000Z
"w79dit ferrari",2022-09-04T18:19:02.9780000Z
"n055bx",2022-09-04T16:05:09.1080000Z
"l555lg",2022-09-04T15:56:44.4740000Z
"h033vd",2022-09-03T19:00:46.8300000Z
"k517vv",2022-09-03T18:58:11.3320000Z
"al5139 rolls royce",2022-09-03T18:57:01.8560000Z
"al5139",2022-09-03T16:27:01.1120000Z
"g359hk",2022-09-03T16:26:54.7720000Z
"g359hk",2022-09-02T20:51:26.0530000Z
"p090dz",2022-09-01T17:25:45.2760000Z
"r182bv",2022-08-31T18:08:06.1600000Z
"k066hr",2022-08-29T08:41:06.5810000Z
"ts085k",2022-08-29T08:22:37.3740000Z
"gm9108 rdw",2022-08-29T08:06:20.0710000Z
"gm9108",2022-08-29T08:06:10.4130000Z
"26xtjs",2022-08-28T09:31:49.2770000Z
"sv789l",2022-08-28T09:28:13.6340000Z
"dz2110",2022-08-28T09:27:52.5880000Z
"p847fn",2022-08-27T11:00:11.4580000Z
"39ggdg",2022-08-22T18:38:57.1570000Z
"nt381b",2022-08-22T08:54:45.7560000Z
"p045jg",2022-08-22T08:19:36.5960000Z
"sj859v",2022-08-21T13:10:41.9310000Z
"sj859g",2022-08-21T13:10:29.6540000Z
"tt156g",2022-08-21T12:08:28.5900000Z
"r217gb",2022-08-20T18:46:39.8280000Z
"r193bg",2022-08-20T18:45:26.3460000Z
"h948fp",2022-08-20T16:00:24.6100000Z
"p628kz",2022-08-19T09:06:12.9470000Z
"zj488z",2022-08-15T14:39:01.5680000Z
"dl3141",2022-08-14T19:15:10.2040000Z
"zr772k",2022-08-14T19:14:59.5740000Z
"68nxf1",2022-08-12T09:22:48.5780000Z
"67rzjv",2022-08-11T08:42:47.6280000Z
"hgfh01",2022-08-11T08:42:36.4350000Z
"j600tt",2022-08-08T21:36:41.0130000Z
"k683fd",2022-08-07T20:21:07.8990000Z
"pp819x",2022-08-07T20:20:43.8240000Z
"n353fd",2022-08-07T20:20:23.2050000Z
"g819xt",2022-08-07T20:20:03.0520000Z
"sb471n",2022-08-07T20:19:20.4690000Z
"gz897b",2022-08-07T15:59:48.2670000Z
"8trn16",2022-08-07T12:04:56.2290000Z
"k745gb",2022-08-07T12:04:18.1370000Z
"92ppt4",2022-08-07T12:03:27.8720000Z
"gk876x",2022-08-07T12:01:54.3470000Z
"l458xk",2022-08-07T12:01:18.3770000Z
"h075zb",2022-08-07T12:01:03.9480000Z
"k430pr",2022-08-07T12:00:48.3420000Z
"tz579b",2022-08-07T11:49:13.3180000Z
"gh778v",2022-08-07T11:48:51.5960000Z
"g264kd",2022-08-07T11:48:19.2280000Z
"j635dh",2022-08-07T11:47:43.7140000Z
"k613nx",2022-08-07T11:47:19.2430000Z
"n283lv",2022-08-07T11:46:58.3300000Z
"39hld2",2022-08-07T11:46:41.1720000Z
"n783vb",2022-08-07T11:46:21.0130000Z
"pv394d",2022-08-07T11:46:07.4440000Z
"g329sh",2022-08-07T11:45:35.6340000Z
"xk522k",2022-08-07T11:44:40.3070000Z
"n443gs",2022-08-07T11:44:22.1400000Z
"l252gl",2022-08-07T11:42:51.4730000Z
"pl009b",2022-08-07T11:42:02.8590000Z
"hr167j",2022-08-07T11:41:39.9230000Z
"80bkp4",2022-08-07T11:41:26.8290000Z
"rs512b",2022-08-07T11:41:03.5480000Z
"h279gh",2022-08-07T11:40:43.1300000Z
"74tnjx",2022-08-07T11:39:50.8730000Z
"kp056j",2022-08-07T11:39:34.5930000Z
"kp063j mercedes",2022-08-07T11:39:15.7570000Z
"jl031b",2022-08-07T11:37:46.6090000Z
"n023nd",2022-08-07T11:37:24.9920000Z
"n898xj",2022-08-07T11:37:15.2150000Z
"n898xj maserati",2022-08-07T11:37:06.5750000Z
"l854db",2022-08-07T11:36:51.0800000Z
"zf976v",2022-08-07T11:36:32.4920000Z
"l593lv",2022-08-07T11:36:14.0540000Z
"l569bh",2022-08-07T11:35:47.2120000Z
"rd586n",2022-08-07T11:35:29.2290000Z
"k069nz lamborghini",2022-08-07T11:35:10.5660000Z
"4tvp54",2022-08-07T11:34:27.8510000Z
"n091tz",2022-08-07T11:34:01.4140000Z
"l194zf",2022-08-07T11:33:44.1900000Z
"5tvl39",2022-08-07T11:31:35.4450000Z
"l886fv",2022-08-07T11:31:13.3000000Z
"h008pt",2022-08-07T11:30:55.8320000Z
"n475nh",2022-08-07T11:30:38.4240000Z
"l509bd",2022-08-07T11:30:07.6250000Z
"n744vz",2022-08-07T11:29:50.4750000Z
"kf775h",2022-08-07T11:29:28.0000000Z
"g438bg",2022-08-07T11:28:35.5360000Z
"pj702s",2022-08-07T11:27:26.2820000Z
"k532pz",2022-08-07T11:27:21.0140000Z
"l002xs",2022-08-07T11:27:08.9280000Z
"hgfh01",2022-08-07T11:26:54.1460000Z
"55psh9",2022-08-07T11:26:27.0950000Z
"n511jh",2022-08-07T11:26:13.8840000Z
"70lbn8",2022-08-07T11:25:40.8410000Z
"49dxlh",2022-08-07T11:25:28.2910000Z
"j057fv",2022-08-07T11:25:12.8210000Z
"g912kx",2022-08-07T11:24:59.5600000Z
"6tjv34",2022-08-07T11:24:43.2720000Z
"l805pn",2022-08-07T11:24:22.4500000Z
"hj096r",2022-08-07T11:24:04.5590000Z
"j201vb",2022-08-07T11:23:51.1060000Z
"03yd41",2022-08-07T11:23:35.8330000Z
"97zgvd",2022-08-07T11:23:07.8630000Z
"l426lg",2022-08-07T11:22:53.5660000Z
"n731lb",2022-08-07T11:22:42.6850000Z
"xh392l",2022-08-07T11:22:28.1300000Z
"47tbtd",2022-08-07T11:22:13.4310000Z
"l625jx",2022-08-07T11:22:00.2300000Z
"zt177b",2022-08-07T11:21:45.4590000Z
"p325kb",2022-08-07T11:21:24.9950000Z
"xp330n",2022-08-07T11:20:27.6260000Z
"jk397s",2022-08-07T11:20:21.1990000Z
"h208tg",2022-08-07T11:19:51.1150000Z
"2sgl96",2022-08-07T11:19:17.8570000Z
"l908rx",2022-08-07T11:19:14.3970000Z
"njnj21",2022-08-07T11:18:35.4720000Z
"p811lp",2022-08-07T11:18:21.9800000Z
"jd321j",2022-08-07T11:18:18.8230000Z
"l772pr",2022-08-07T11:17:33.1810000Z
"l722pr",2022-08-07T11:17:18.4220000Z
"l722pr r8 audi",2022-08-07T11:17:12.0930000Z
"j500gr rdw",2022-08-07T11:17:04.7460000Z
"k969tz",2022-08-07T11:16:45.9960000Z
"l012kp",2022-08-07T11:16:33.1500000Z
"l244pk",2022-08-07T11:16:20.5660000Z
"h603jb",2022-08-07T11:16:16.5740000Z
"p342kp",2022-08-07T11:15:27.1760000Z
"k904nv",2022-08-07T11:15:02.8240000Z
"k904nv rdw aston martin",2022-08-07T11:14:56.2840000Z
"1tjr43",2022-08-07T11:14:52.4750000Z
"1tjr43 Aston Martin",2022-08-07T11:14:43.7990000Z
"88kxh2",2022-08-07T11:14:41.1580000Z
"sh106s",2022-08-07T11:14:15.0370000Z
"41lnt8",2022-08-07T11:14:03.2360000Z
"n381jj",2022-08-07T11:14:01.0550000Z
"k684nd",2022-08-07T11:13:03.9390000Z
"k684nd ferrari",2022-08-07T11:12:55.9980000Z
"19nrxk",2022-08-07T11:12:25.5190000Z
"7815ts rdw",2022-08-07T11:12:07.3940000Z
"p730bp",2022-08-07T11:11:49.1800000Z
"pg297k",2022-08-07T11:11:30.8950000Z
"gv416l",2022-08-07T11:11:27.9330000Z
"l777sg",2022-08-07T11:11:01.7470000Z
"p413sj",2022-08-07T11:10:47.5570000Z
"04lxs1",2022-08-07T11:10:44.6680000Z
"h299tr 4c",2022-08-07T11:10:14.7370000Z
"07dtgp",2022-08-07T11:09:55.4210000Z
"nx474j",2022-08-07T11:09:41.6270000Z
"p175sx",2022-08-07T11:09:35.1020000Z
"p175sx ferrari rdw",2022-08-07T11:09:26.8340000Z
"hf959g",2022-08-07T11:09:13.4870000Z
"h073nf",2022-08-07T11:09:00.6820000Z
"p281gt ferrari",2022-08-07T11:08:42.0630000Z
"8916au rdw",2022-08-07T11:08:18.2810000Z
"8xng57",2022-08-07T11:08:02.1330000Z
"nnsx47",2022-08-07T11:07:48.4120000Z
"rs188k",2022-08-07T11:07:32.5510000Z
"rb188k Lamborghini",2022-08-07T11:07:11.9790000Z
"l192kg",2022-08-07T11:06:58.9460000Z
"n617gb",2022-08-07T11:06:46.9020000Z
"h870tl",2022-08-07T11:06:04.3420000Z
"9xvv70",2022-08-07T11:05:50.4650000Z
"k570tn",2022-08-07T11:05:30.3790000Z
"28zs14",2022-08-07T11:05:12.4910000Z
"rr629k",2022-08-07T11:04:56.3090000Z
"rh364v",2022-08-07T11:04:39.1640000Z
"jt614f",2022-08-07T11:04:23.2740000Z
"68nxf1",2022-08-07T11:04:12.2140000Z
"90jdr8",2022-08-07T11:03:57.0830000Z
"p255dl",2022-08-07T11:03:29.5910000Z
"zj098n",2022-08-07T11:03:17.3090000Z
"1zsn31",2022-08-07T11:03:01.1660000Z
"p932dx",2022-08-07T11:02:48.8030000Z
"j698gs rolls royce",2022-08-07T11:02:38.3130000Z
"p479rs",2022-08-07T11:02:20.4390000Z
"k993zt",2022-08-07T11:01:39.2080000Z
"61sks4",2022-08-07T11:01:11.9080000Z
"k070nz",2022-08-07T11:00:44.4380000Z
"kl164p",2022-08-07T11:00:31.6400000Z
"xp408d",2022-08-07T11:00:29.3600000Z
"l037lg",2022-08-07T10:59:51.7670000Z
"ns810x",2022-08-07T10:59:35.2800000Z
"16jnd2",2022-08-07T10:59:16.8150000Z
"n023sr",2022-08-07T10:58:55.2100000Z
"67rbvx",2022-08-07T10:58:32.4760000Z
"tnzg27",2022-08-07T10:57:46.6170000Z
"k648nd",2022-08-07T10:57:33.5980000Z
"hr167j",2022-08-07T10:57:15.8900000Z
"7kkh91 rs6",2022-08-05T16:12:25.6720000Z
"7kkh91",2022-08-05T16:12:10.3260000Z
"6sbx11",2022-08-05T16:04:06.0360000Z
"j263hz",2022-08-05T15:52:39.1250000Z
"n019bd",2022-08-05T15:38:49.4140000Z
"l728zs",2022-08-03T08:26:29.0050000Z
"p284vg gle",2022-08-02T10:36:10.3110000Z
"p284vg",2022-08-02T10:36:04.4490000Z
"p209kl",2022-08-02T10:35:42.8350000Z
"hr167j",2022-08-02T10:35:23.3690000Z
"l108bx",2022-08-01T20:03:29.8110000Z
"kmf100 milk",2022-08-01T15:13:57.1240000Z
"k648nd",2022-07-29T11:07:20.3850000Z
"k246nd",2022-07-29T11:07:07.0740000Z
"k248nd",2022-07-29T11:06:59.9090000Z
"tnzg27",2022-07-26T19:08:53.7580000Z
"tnzg27",2022-07-26T18:17:20.9590000Z
"hs179z",2022-07-24T14:16:25.2850000Z
"gv416l",2022-07-23T16:52:00.4370000Z
"67rbvx",2022-07-23T15:32:56.1540000Z
"n023sr",2022-07-23T14:07:12.8530000Z
"16jnd2",2022-07-20T19:13:23.9600000Z
"ae8172",2022-07-20T16:09:09.9950000Z
"ns810x",2022-07-19T09:36:20.9490000Z
"l410nz",2022-07-19T09:36:03.2940000Z
"nd979j",2022-07-19T09:35:46.4780000Z
"71 zjf 2 aston martin",2022-07-19T09:35:15.2310000Z
"71skrs",2022-07-19T09:34:48.2030000Z
"ar4875",2022-07-19T09:34:34.5160000Z
"l932xr",2022-07-19T09:34:19.3810000Z
"j324df",2022-07-19T09:34:07.2900000Z
"11yd21",2022-07-19T09:33:53.3640000Z
"41sgps",2022-07-19T09:32:32.0280000Z
"h208tg",2022-07-18T21:28:59.6420000Z
"ky50lx",2022-07-18T18:32:33.7170000Z
"k775gg lotus",2022-07-17T13:13:27.8330000Z
"p775gg lotus",2022-07-17T13:13:14.9770000Z
"p775gg",2022-07-17T13:13:03.1170000Z
"p401jp",2022-07-17T12:01:39.1210000Z
"4svj04",2022-07-15T21:25:44.4220000Z
"p413sj",2022-07-15T16:08:30.3960000Z
"19nrxk",2022-07-15T15:58:56.9580000Z
"41sgps",2022-07-15T13:54:28.5910000Z
"p796fd",2022-07-14T09:02:08.7880000Z
"5kzd98",2022-07-12T14:31:28.5090000Z
"p333dj rdw",2022-07-11T19:15:51.5080000Z
"p333dj",2022-07-11T19:15:41.2090000Z
"csi 42 song",2022-07-10T21:42:27.7420000Z
"11yd21",2022-07-09T20:50:39.0500000Z
"j324df",2022-07-09T18:53:53.2910000Z
"l932xr",2022-07-09T16:27:43.9930000Z
"ar4875",2022-07-07T17:50:17.3910000Z
"71skrs",2022-07-05T13:46:11.2580000Z
"71 zjf 2 aston martin",2022-07-03T18:42:18.3690000Z
"71zjf2 aston martin",2022-07-03T18:41:50.7770000Z
"71zjf2",2022-07-03T18:41:13.9950000Z
"nd979j",2022-07-03T18:40:44.6270000Z
"l410nz",2022-07-02T15:23:55.0130000Z
"ns810x",2022-07-02T15:19:20.2780000Z
"l037lg",2022-07-02T14:11:46.9380000Z
"k911tn",2022-07-02T10:52:07.4880000Z
"xp408d",2022-07-01T18:47:45.7800000Z
"p866hd",2022-06-29T17:49:22.0970000Z
"p886hd",2022-06-29T17:49:02.0060000Z
"kl164p",2022-06-26T16:18:36.3070000Z
"k070nz",2022-06-25T15:39:29.0070000Z
"p433dj",2022-06-25T13:15:27.1850000Z
"61sks4",2022-06-24T14:47:00.8330000Z
"k993zt",2022-06-24T14:46:45.4540000Z
"j025dk",2022-06-24T07:17:31.1790000Z
"6tjv34",2022-06-22T19:30:47.9780000Z
"p479rs",2022-06-22T13:40:39.5670000Z
"j698gs rolls royce",2022-06-22T08:35:24.4710000Z
"j698gs",2022-06-22T08:35:11.7670000Z
"p932dx",2022-06-20T08:31:38.1260000Z
"1zsn31",2022-06-19T14:01:30.3020000Z
"zj098n",2022-06-19T12:45:06.8500000Z
"p255dl",2022-06-19T12:26:19.6320000Z
"p840hh",2022-06-19T07:24:58.4170000Z
"90jdr8",2022-06-19T07:14:48.1460000Z
"68nxf1",2022-06-17T13:18:03.5880000Z
"jt614f",2022-06-17T06:59:08.0770000Z
"rh364v",2022-06-14T10:36:58.5540000Z
"h277bn",2022-06-11T15:39:52.0860000Z
"11tvr2",2022-06-11T15:28:48.0220000Z
"rr629k",2022-06-11T13:20:05.8540000Z
"28zs14",2022-06-11T13:03:10.4240000Z
"k570tn",2022-06-09T16:47:30.6800000Z
"tl81hj",2022-06-07T08:49:38.4080000Z
"ti81hj",2022-06-07T08:49:23.4860000Z
"9xvv70",2022-06-07T08:49:06.6540000Z
"h870tl",2022-06-07T08:48:51.0590000Z
"gv416l",2022-06-07T08:48:01.6410000Z
"ar3994 rdw",2022-06-07T08:47:24.5600000Z
"ar3994",2022-06-07T08:47:19.2610000Z
"n617gb",2022-06-07T08:47:10.1360000Z
"l192kg",2022-06-06T12:45:06.6020000Z
"rb188k Lamborghini",2022-06-06T12:40:31.5410000Z
"rb188k",2022-06-06T12:40:22.2000000Z
"nnsx47",2022-06-06T12:38:37.0680000Z
"8xng57",2022-06-06T12:33:06.1280000Z
"8916au rdw",2022-06-06T12:27:05.8240000Z
"8916au",2022-06-06T12:26:58.6400000Z
"p281gt ferrari",2022-06-06T12:26:28.6100000Z
"p281gt",2022-06-06T12:26:21.9070000Z
"h073nf",2022-06-06T12:24:28.6200000Z
"hf959g",2022-06-06T12:23:33.5990000Z
"p175sx ferrari rdw",2022-06-06T12:16:45.7510000Z
"p175sx ferrari",2022-06-06T12:15:52.5520000Z
"av1442",2022-06-06T12:13:11.9970000Z
"nx474j",2022-06-06T12:10:58.9260000Z
"nt473j",2022-06-06T12:10:49.1560000Z
"07dtgp",2022-06-06T12:07:34.3480000Z
"h299tr 4c",2022-06-06T11:53:41.2570000Z
"h299tr",2022-06-06T11:53:31.2690000Z
"04lxs1",2022-06-06T11:38:15.2240000Z
"p413sj",2022-06-06T11:31:56.6540000Z
"l777sg",2022-06-06T11:29:49.8330000Z
"gv416l",2022-06-06T11:28:30.5750000Z
"gv416r",2022-06-06T11:28:21.7590000Z
"pg297k",2022-06-06T10:12:33.7260000Z
"p730bp",2022-06-04T11:58:29.2330000Z
"n535xj",2022-06-02T16:42:53.9310000Z
"7815ts rdw",2022-06-01T07:20:44.5320000Z
"19nrxk",2022-05-31T07:11:37.0160000Z
"hv300t",2022-05-28T21:01:10.9450000Z
"k684nd ferrari",2022-05-27T18:33:44.2240000Z
"k684nd",2022-05-27T18:33:30.2220000Z
"n381jj",2022-05-26T15:01:35.5340000Z
"r8 v10 plus",2022-05-26T14:58:54.8170000Z
"41lnt8",2022-05-26T14:57:14.8800000Z
"sh106s",2022-05-26T12:48:57.6410000Z
"88kxh2",2022-05-26T12:45:05.4610000Z
"sp450n",2022-05-23T07:25:14.0970000Z
"1tjr43 Aston Martin",2022-05-23T07:14:16.0550000Z
"1tjr43 Aston Martin",2022-05-22T21:18:54.9730000Z
"1tjr43 Aston Martin",2022-05-22T19:15:17.0730000Z
"1tjr43",2022-05-22T19:14:58.1700000Z
"k904nv rdw aston martin",2022-05-22T10:10:11.8660000Z
"k904nv rdw",2022-05-22T10:09:56.3560000Z
"k904nv",2022-05-22T10:09:45.5270000Z
"p342kp",2022-05-22T10:09:15.6370000Z
"8txj26",2022-05-21T15:01:18.3370000Z
"h378rh",2022-05-21T12:57:58.9950000Z
"30 mei 2022",2022-05-16T16:51:04.4650000Z
"h603jb",2022-05-15T19:07:19.6090000Z
"l244pk",2022-05-14T21:03:56.5090000Z
"ux300e",2022-05-14T20:56:40.0700000Z
"l012kp",2022-05-14T13:19:49.3390000Z
"k969tz",2022-05-14T10:46:50.2630000Z
"k696tz",2022-05-14T10:46:37.8700000Z
"p873lv",2022-05-11T18:45:46.1370000Z
"n475sn",2022-05-11T15:48:41.6350000Z
"j500gr rdw",2022-05-09T06:40:17.1360000Z
"j500gr rdw",2022-05-08T17:21:06.1600000Z
"j500gr",2022-05-08T17:20:57.2670000Z
"l722pr r8 audi",2022-05-08T17:20:47.5800000Z
"l722pr",2022-05-08T17:20:41.0540000Z
"p840hh lamborghini",2022-05-06T21:06:06.8000000Z
"p844hh lamborghini",2022-05-06T21:05:47.9680000Z
"p844hh",2022-05-06T21:05:41.3730000Z
"gh686n",2022-05-05T14:34:20.3370000Z
"n524lt renault",2022-05-05T12:37:27.7400000Z
"n543lt renault",2022-05-05T12:37:09.0760000Z
"n543lt",2022-05-05T12:37:01.1370000Z
"p628kz",2022-05-05T08:01:10.7390000Z
"jd321j",2022-05-02T18:40:07.3980000Z
"85jrhb",2022-05-02T17:15:11.9310000Z
"p205gk",2022-05-01T17:25:15.4830000Z
"p811lp",2022-05-01T14:21:22.9660000Z
"p811jp",2022-05-01T14:21:06.8060000Z
"k053sk",2022-04-30T11:30:01.2200000Z
"n476sr",2022-04-30T11:28:21.6070000Z
"njnj21",2022-04-29T20:07:40.2980000Z
"9kpr87",2022-04-29T20:07:17.6280000Z
"h208gt Lamborghini",2022-04-29T20:04:54.6200000Z
"l908rx",2022-04-29T20:02:43.6640000Z
"h208gt",2022-04-29T20:02:25.2100000Z
"2sgl96",2022-04-29T17:01:19.4270000Z
"k436lt",2022-04-29T16:03:05.6520000Z
"jk397s",2022-04-28T20:39:56.5340000Z
"h197tb",2022-04-27T12:25:41.1440000Z
"n019bd",2022-04-27T12:19:53.6340000Z
"jk397s",2022-04-27T12:18:33.1360000Z
"xp330n",2022-04-27T10:04:14.1110000Z
"p360dx",2022-04-25T20:18:32.2810000Z
"p325kb",2022-04-25T14:00:07.8870000Z
"zt177b",2022-04-25T11:20:59.9210000Z
"dr3548",2022-04-24T18:05:43.6300000Z
"l625jx",2022-04-23T19:36:58.8190000Z
"l891ts",2022-04-23T17:49:30.8140000Z
"47tbtd",2022-04-23T10:10:15.5380000Z
"top 10 rijkste mensen",2022-04-22T20:42:38.5980000Z
"h602dd",2022-04-22T17:58:37.0210000Z
"5tvl39",2022-04-22T17:25:56.6790000Z
"e 2008 laadruimte",2022-04-22T17:24:48.6320000Z
"g912kx",2022-04-22T17:18:04.3330000Z
"xh392l",2022-04-20T10:12:42.1970000Z
"zg896p",2022-04-20T07:59:32.0600000Z
"21tlsp ferrari",2022-04-20T07:18:13.2310000Z
"l902jr",2022-04-19T16:33:11.4680000Z
"n731lb",2022-04-19T16:14:14.9530000Z
"l426lg",2022-04-18T16:15:28.3510000Z
"ah2555 rdw",2022-04-18T16:14:02.9550000Z
"ah2555",2022-04-18T16:13:56.7770000Z
"97zgvd",2022-04-18T16:06:02.6040000Z
"p840hh",2022-04-18T14:51:23.8630000Z
"03yd41",2022-04-18T14:44:42.6270000Z
"j201vb",2022-04-17T17:47:17.0860000Z
"l805pn",2022-04-17T17:46:29.4870000Z
"hj096r",2022-04-17T11:53:17.9110000Z
"p060kz rdw",2022-04-17T10:58:46.8450000Z
"p060kz",2022-04-17T10:58:36.3850000Z
"6tjv34",2022-04-15T18:54:02.5170000Z
"1zgr90",2022-04-15T08:14:22.0810000Z
"g912kx",2022-04-15T08:13:39.3180000Z
"tv278t",2022-04-15T08:06:09.9170000Z
"j057fv",2022-04-15T08:04:40.9060000Z
"49dxlh",2022-04-14T08:34:02.4690000Z
"70lbn8",2022-04-14T08:33:47.0380000Z
"59tpnb rdw",2022-04-14T08:32:28.8600000Z
"59tpnb",2022-04-14T08:32:19.3710000Z
"n364nf rdw",2022-04-13T18:27:18.6760000Z
"n364nf",2022-04-13T18:25:58.2950000Z
"j206fb",2022-04-13T18:07:21.8940000Z
"j206fv",2022-04-13T18:07:13.5470000Z
"1kdr34 alfa",2022-04-12T10:04:58.2800000Z
"1kdr34",2022-04-12T10:04:52.3290000Z
"n511jh",2022-04-11T10:57:58.6740000Z
"55psh9",2022-04-11T08:32:51.2580000Z
"42tgbs",2022-04-09T09:26:10.2940000Z
"34 ggb honda civic hybrid rdw",2022-04-05T17:23:25.4010000Z
"84 nsr 9 peugeot rcz",2022-04-05T17:22:44.3600000Z
"84 nsx peugeot rcz",2022-04-05T17:22:30.9610000Z
"84nsx9 peugeot",2022-04-05T17:22:10.3200000Z
"84nsr9 peugeot",2022-04-05T17:21:56.2890000Z
"84nsr9",2022-04-05T17:21:46.1000000Z
"44ggb4",2022-04-05T17:20:54.4160000Z
"44ggb9",2022-04-05T17:19:46.9960000Z
"1zpb16",2022-04-03T11:58:22.0650000Z
"hgfh01",2022-03-30T06:24:41.9950000Z
"J887xg",2022-03-28T14:59:53.1100000Z
"zl 448 z Mercedes sl",2022-03-27T16:24:12.3260000Z
"zl448z Mercedes",2022-03-27T16:23:47.7730000Z
"zl448z",2022-03-27T16:23:40.7550000Z
"j018hb",2022-03-27T16:17:48.0400000Z
"l002xs",2022-03-27T15:59:53.4140000Z
"k532pz",2022-03-27T15:21:25.4600000Z
"pj702s",2022-03-27T09:00:25.3210000Z
"h603jb",2022-03-27T09:00:19.9180000Z
"h603jb",2022-03-26T14:19:32.9220000Z
"h008pt",2022-03-25T09:08:37.8200000Z
"h009pt",2022-03-25T09:08:19.9520000Z
"g438bg",2022-03-24T16:49:11.0840000Z
"p840hh lamborghini",2022-03-22T18:00:06.7150000Z
"p840hh",2022-03-22T17:59:58.8500000Z
"e 2008 laadruimte",2022-03-20T18:05:10.0040000Z
"e 2008",2022-03-20T18:04:58.7110000Z
"kf775h",2022-03-19T19:46:41.2150000Z
"n744vz",2022-03-19T14:44:19.9890000Z
"l509bd",2022-03-19T14:43:30.6030000Z
"n725bg",2022-03-18T10:53:09.6920000Z
"n475nh",2022-03-17T18:02:08.3030000Z
"n061dv",2022-03-17T17:41:16.7390000Z
"pk570b",2022-03-16T16:24:52.1010000Z
"h008pt",2022-03-16T16:22:34.1010000Z
"l886fv",2022-03-16T16:21:59.4640000Z
"ux300e laadruimte",2022-03-14T18:46:32.1440000Z
"e 2008",2022-03-14T18:41:09.4300000Z
"tv278t",2022-03-14T18:37:23.4420000Z
"5tvl39",2022-03-14T17:19:46.7500000Z
"k170dj",2022-03-13T15:45:39.6570000Z
"l412hh",2022-03-13T14:39:54.3080000Z
"l194zf",2022-03-13T14:38:52.5780000Z
"n091tz",2022-03-13T14:26:04.7600000Z
"l511vp",2022-03-13T13:08:35.1400000Z
"l311sh",2022-03-13T13:08:21.6200000Z
"k159pv",2022-03-09T07:39:59.4700000Z
"4tvp54",2022-03-06T14:54:47.6800000Z
"9svp16 aston martin",2022-03-06T14:53:38.8080000Z
"9svp16",2022-03-06T14:53:30.2860000Z
"k069nz lamborghini",2022-03-05T22:49:15.5560000Z
"rd586n",2022-03-05T22:35:37.0520000Z
"Top 50 lijst",2022-03-05T20:21:30.4200000Z
"l569bh",2022-03-05T15:37:17.2510000Z
"l593lv",2022-03-05T15:36:55.3450000Z
"zf976v",2022-03-04T23:21:23.1520000Z
"zf976v",2022-03-04T14:32:24.9270000Z
"l854db",2022-03-04T14:05:41.6810000Z
"n898xj maserati",2022-03-04T14:02:58.0270000Z
"n898xj",2022-03-04T14:02:36.1030000Z
"n698ps",2022-03-03T17:32:52.3740000Z
"l772tg",2022-03-03T17:24:33.8070000Z
"n023nd",2022-03-01T17:51:35.5230000Z
"Tl682r",2022-03-01T16:20:41.3780000Z
"Tl682r",2022-02-28T16:51:27.6770000Z
"jl031b",2022-02-27T20:02:54.1690000Z
"hr2096 kan kleiner",2022-02-27T19:35:27.6890000Z
"hr2096 kan",2022-02-27T19:35:06.1750000Z
"hr2096",2022-02-27T19:30:04.9150000Z
"hr2096",2022-02-27T18:09:46.7220000Z
"kp063j mercedes",2022-02-27T17:38:52.5250000Z
"k063pj mercedes",2022-02-27T17:36:44.8950000Z
"k063pj",2022-02-27T17:36:39.3290000Z
"k063jp",2022-02-27T17:36:28.8570000Z
"74tnjx",2022-02-27T13:34:38.3480000Z
"k784gj",2022-02-27T12:52:06.1770000Z
"h279gh",2022-02-26T11:07:43.8970000Z
"rs512b",2022-02-26T11:06:13.0740000Z
"80bkp4",2022-02-23T20:50:49.5980000Z
"j696tb",2022-02-23T17:02:47.0270000Z
"zf063t",2022-02-23T15:12:04.2140000Z
"hr2096 philips blender",2022-02-22T14:30:06.2510000Z
"hr167j",2022-02-21T09:18:02.9640000Z
"n552vn",2022-02-20T18:05:43.3860000Z
"l964zd",2022-02-20T18:04:48.8020000Z
"k088jz",2022-02-20T17:56:01.1100000Z
"pl009b",2022-02-20T12:53:08.5970000Z
"l252gl",2022-02-17T12:30:02.5470000Z
"n560zs ford",2022-02-16T18:09:08.2710000Z
"n560zs",2022-02-16T18:08:59.8520000Z
"h661hd",2022-02-16T08:25:55.5560000Z
"h661hp",2022-02-16T08:25:50.5480000Z
"K254bn",2022-02-14T10:43:58.0600000Z
"l194hb",2022-02-13T16:26:07.3190000Z
"h603jb",2022-02-13T15:50:35.7480000Z
"h208tg",2022-02-09T11:40:32.8360000Z
"k978vp",2022-02-06T17:12:57.5260000Z
"rv115v",2022-02-06T17:05:22.0710000Z
"n443gs",2022-02-06T17:04:31.7410000Z
"xk522k",2022-02-06T16:12:12.9080000Z
"xk522d",2022-02-06T16:12:07.9690000Z
"k088hf",2022-02-06T16:11:33.7340000Z
"k475jg",2022-02-06T16:11:16.7990000Z
"k458jg",2022-02-06T16:11:06.5540000Z
"nv518b",2022-02-06T15:12:06.7970000Z
"k246jv",2022-02-04T18:26:53.1500000Z
"n922bt",2022-02-04T18:16:04.1470000Z
"tx355b",2022-02-04T12:08:20.7610000Z
"j982dx",2022-02-03T15:14:03.6570000Z
"j982dx",2022-02-03T14:42:34.4350000Z
"g329sh",2022-02-03T14:24:56.8260000Z
"pdfv29",2022-01-31T21:13:07.8460000Z
"pv394d",2022-01-29T17:38:54.0810000Z
"n783vb",2022-01-29T17:38:25.0640000Z
"n789vb",2022-01-29T17:38:16.6280000Z
"39hld2",2022-01-29T16:59:54.9670000Z
"g264kd",2022-01-29T16:34:25.3790000Z
"n283lv",2022-01-29T11:48:45.3170000Z
"k613nx",2022-01-29T11:09:40.5630000Z
"j635dh",2022-01-29T11:09:05.8420000Z
"l628zl",2022-01-26T17:32:56.4440000Z
"kk453g",2022-01-26T13:46:38.3510000Z
"gh778v",2022-01-23T17:24:12.7280000Z
"sb16gh",2022-01-23T14:48:01.5200000Z
"xn023p",2022-01-23T14:08:40.1100000Z
"xb023p",2022-01-23T14:08:22.5780000Z
"tz579b",2022-01-23T13:46:18.8390000Z
"k430pr",2022-01-23T12:22:35.5330000Z
"h075zb",2022-01-23T12:04:21.5780000Z
"l458xk",2022-01-23T12:04:05.0390000Z
"gk876x",2022-01-23T11:58:40.2120000Z
"n314zr",2022-01-22T23:07:45.3340000Z
"n314zr",2022-01-22T15:00:31.0370000Z
"sx958b",2022-01-22T12:06:51.9460000Z
"jb755g",2022-01-16T20:53:33.6670000Z
"l012kp",2022-01-16T20:53:03.5750000Z
"92ppt4",2022-01-16T20:52:00.6580000Z
"l546zt",2022-01-16T20:51:37.4850000Z
"l536zt audi gt",2022-01-16T20:50:40.6160000Z
"l536zt",2022-01-16T20:50:09.7390000Z
"n053zl",2022-01-16T20:48:08.1080000Z
"k074lk mercedes c63 amg",2022-01-16T16:09:39.1740000Z
"k074lk mercedes",2022-01-16T16:09:15.2040000Z
"k047lk mercedes",2022-01-16T16:08:57.4960000Z
"k047lk",2022-01-16T16:08:49.3470000Z
"k745gb",2022-01-16T16:07:40.2650000Z
"8trn16",2022-01-16T15:23:44.1300000Z
"n476vb rdw",2022-01-16T11:24:01.4690000Z
"n476vb",2022-01-16T11:23:55.2090000Z
"sb471n",2022-01-14T15:47:20.7730000Z
"g819xt",2022-01-14T15:10:11.1940000Z
"nk395n",2022-01-13T15:51:16.1640000Z
"n353fd",2022-01-13T14:26:11.6190000Z
"pp819x",2022-01-13T14:24:34.0330000Z
"k195nh",2022-01-13T14:23:14.2330000Z
"k683fd",2022-01-13T14:06:36.3240000Z
"k381lz",2022-01-11T18:29:04.8800000Z
"j586xk",2022-01-08T18:19:57.7820000Z
"th836b",2022-01-08T14:11:27.0670000Z
"h668xn",2022-01-08T14:11:14.9310000Z
"h829rz",2022-01-08T14:10:41.0380000Z
"sb515f",2022-01-08T14:10:28.9340000Z
"n604br",2022-01-08T14:10:16.0300000Z
"l097rg",2022-01-08T14:10:01.3060000Z
"k684xb",2022-01-08T14:09:45.4940000Z
"j981gs",2022-01-08T14:09:31.8990000Z
"j555gs",2022-01-08T14:09:04.8970000Z
"sv200b",2022-01-08T14:08:50.0000000Z
"pv394d",2022-01-08T14:08:18.4650000Z
"n902hv",2022-01-08T14:07:40.6080000Z
"sv464j",2022-01-08T14:07:27.4410000Z
"73xdv1",2022-01-08T14:07:13.1990000Z
"l107lt",2022-01-08T14:06:52.3600000Z
"n478df",2022-01-08T14:06:36.8460000Z
"rg347v",2022-01-08T14:06:19.5120000Z
"k070gk",2022-01-08T14:06:06.9950000Z
"th336j",2022-01-08T14:05:50.5120000Z
"h334jk",2022-01-08T14:05:36.9720000Z
"j107jr audi",2022-01-08T14:05:23.8710000Z
"dr5533 rdw",2022-01-08T14:04:49.8610000Z
"am3105 rdw",2022-01-08T14:04:38.2340000Z
"rrzp15",2022-01-08T14:04:25.8770000Z
"pd828n",2022-01-08T14:04:11.0400000Z
"l012kp",2022-01-08T14:03:59.0880000Z
"h600gb",2022-01-08T14:03:46.6880000Z
"k589gp",2022-01-08T14:02:30.2250000Z
"k401bn",2022-01-08T14:02:08.9830000Z
"81knf6",2022-01-08T14:01:45.1850000Z
"k046ph",2022-01-08T14:01:24.8310000Z
"kl326n",2022-01-08T14:01:00.6670000Z
"l970rf",2022-01-08T14:00:40.9020000Z
"13tltl",2022-01-08T13:59:56.3620000Z
"l190ls kenteken",2022-01-08T13:59:40.6170000Z
"k773pt",2022-01-08T13:59:26.4590000Z
"l040tp",2022-01-08T13:59:07.3170000Z
"xf011f",2022-01-08T13:58:54.8530000Z
"sn361b",2022-01-08T13:58:42.0470000Z
"zj485t",2022-01-08T13:58:27.0890000Z
"jz807r",2022-01-08T13:58:10.9730000Z
"jd818j",2022-01-08T13:57:54.0660000Z
"k648nd",2022-01-08T13:57:17.0410000Z
"td524g",2022-01-08T13:57:03.9710000Z
"zp631p",2022-01-08T13:56:45.1590000Z
"g571gf",2022-01-08T13:56:31.8690000Z
"j220xg",2022-01-08T13:56:13.2370000Z
"n861pr",2022-01-08T13:55:59.3870000Z
"n832rs",2022-01-08T13:55:41.4700000Z
"l359zx",2022-01-08T13:55:33.9780000Z
"kd468f",2022-01-08T13:55:16.0200000Z
"j235nt",2022-01-08T13:55:10.6740000Z
"zp316p",2022-01-08T13:54:44.8520000Z
"j922zx",2022-01-08T13:54:28.6870000Z
"k017nz alpina",2022-01-08T13:54:07.3510000Z
"xd 999 rdw mustang",2022-01-08T13:53:35.2890000Z
"xd999f mustang",2022-01-08T13:53:00.9230000Z
"n141fj",2022-01-08T13:52:41.4910000Z
"h075rb smart blade rdw",2022-01-08T13:47:02.7800000Z
"n164dr",2022-01-08T13:46:43.4480000Z
"pl658k",2022-01-08T13:46:26.4750000Z
"j641lt",2022-01-08T13:46:09.6510000Z
"zd210p",2022-01-08T13:45:53.2060000Z
"zd210p mercedes kenteken",2022-01-08T13:45:37.9320000Z
"ng484p",2022-01-08T13:45:09.1800000Z
"92ttz1",2022-01-08T11:36:15.3470000Z
"zv130d",2022-01-08T11:00:57.0440000Z
"tl908f",2022-01-07T15:31:31.5120000Z
"zd210p mercedes kenteken",2022-01-06T17:05:05.7080000Z
"ng484p",2022-01-04T12:31:14.6040000Z
"9spx65",2022-01-04T12:29:25.3920000Z
"ng484p",2022-01-04T11:53:37.6540000Z
"00tvd9",2022-01-04T10:42:56.2960000Z
"zd210p mercedes kenteken",2022-01-04T10:35:49.9950000Z
"sd210p mercedes kenteken",2022-01-04T10:35:32.6760000Z
"sd210p mercedes",2022-01-04T10:35:22.2520000Z
"sd210p",2022-01-04T10:35:08.6760000Z
"jz807r",2022-01-02T20:30:11.1390000Z
"l735vr",2022-01-02T14:54:32.9780000Z
"j641lt",2022-01-02T14:54:13.5750000Z
"pl658k",2022-01-02T14:34:21.9110000Z
"pl658k",2022-01-01T19:34:24.4080000Z
"5zfg74 mondeo",2022-01-01T17:42:01.5060000Z
"5zfg74",2022-01-01T17:41:39.0640000Z
"n786hj",2022-01-01T12:10:02.8990000Z
"n164dr",2022-01-01T11:53:06.9460000Z
"h075rb smart blade rdw",2022-01-01T09:15:46.2810000Z
"h075rb smart blade",2022-01-01T09:15:35.5280000Z
"h075rb",2022-01-01T09:14:49.7840000Z
"84jvs8",2021-12-31T09:48:29.7100000Z
"53tkzr",2021-12-31T09:42:48.4210000Z
"6kvf53",2021-12-31T09:26:38.6330000Z
"84jvs8",2021-12-31T09:11:57.6050000Z
"n141fj",2021-12-29T15:41:30.7870000Z
"n141fj rdw",2021-12-29T15:41:25.3710000Z
"xd999f mustang",2021-12-29T15:22:18.7600000Z
"xd999f",2021-12-29T15:22:12.4940000Z
"k017nz alpina",2021-12-29T15:22:01.9820000Z
"rv429k",2021-12-29T15:16:46.0940000Z
"g571gf",2021-12-29T10:33:14.2520000Z
"g571bf amg gt",2021-12-29T10:33:08.7470000Z
"zp316p",2021-12-29T10:32:30.6160000Z
"k648nd",2021-12-29T10:32:11.2660000Z
"j235nt",2021-12-29T10:31:39.0380000Z
"kd468f",2021-12-29T10:31:23.8840000Z
"kd448f",2021-12-29T10:31:02.8610000Z
"l359zx",2021-12-29T10:30:30.2690000Z
"l539zx",2021-12-29T10:30:19.4680000Z
"rf233j",2021-12-28T14:38:24.2280000Z
"n832rs",2021-12-28T14:16:14.8980000Z
"n861pr",2021-12-28T14:16:06.6380000Z
"j220xg",2021-12-28T13:42:31.0750000Z
"g571bf amg gt",2021-12-28T12:56:53.7840000Z
"g571bf",2021-12-28T12:56:44.9070000Z
"zp631p",2021-12-28T12:45:04.4010000Z
"td524g",2021-12-28T12:44:36.0920000Z
"k648nd",2021-12-27T13:47:31.5370000Z
"jd818j",2021-12-25T13:03:00.6630000Z
"jz807r",2021-12-25T12:52:19.6870000Z
"zj485t",2021-12-24T17:06:12.1300000Z
"n084fs",2021-12-24T13:46:30.1880000Z
"sn361b",2021-12-24T13:23:30.8110000Z
"td297k Hyundai",2021-12-24T12:07:07.4440000Z
"td297k",2021-12-24T12:06:59.3690000Z
"xf011f",2021-12-24T11:40:04.2050000Z
"l040tp",2021-12-24T11:37:00.3540000Z
"l006hn",2021-12-24T11:19:00.7350000Z
"sk750g",2021-12-19T17:28:33.5280000Z
"k773pt",2021-12-19T14:29:06.4220000Z
"l190ls kenteken",2021-12-19T13:17:12.1500000Z
"l190sl kenteken",2021-12-19T13:17:02.3470000Z
"l180sl kenteken",2021-12-19T13:16:51.2570000Z
"l180sl",2021-12-19T13:16:44.2690000Z
"zj165p",2021-12-19T12:18:51.7020000Z
"13tltl",2021-12-19T11:38:52.3520000Z
"tg087z",2021-12-19T11:37:39.9120000Z
"h997fk mercedes c63",2021-12-19T11:35:31.1570000Z
"h991gk mercedes c63",2021-12-19T11:35:09.6350000Z
"h991fk mercedes",2021-12-19T11:33:20.0040000Z
"h991fk",2021-12-19T11:33:13.2800000Z
"3snl45 bentley",2021-12-18T19:39:08.3800000Z
"3snl45",2021-12-18T19:38:57.1830000Z
"l970rf",2021-12-18T15:49:10.1590000Z
"kl326n",2021-12-18T15:46:58.9910000Z
"k046ph",2021-12-18T13:51:33.6430000Z
"k012fv",2021-12-18T13:37:11.9260000Z
"81knf6",2021-12-17T15:57:08.4790000Z
"k401bn",2021-12-17T15:24:16.9010000Z
"l833hg",2021-12-17T11:20:15.3490000Z
"k589gp",2021-12-15T16:34:07.4770000Z
"n053ps",2021-12-14T10:49:32.6000000Z
"h600gb",2021-12-11T15:36:10.7210000Z
"l012kp",2021-12-11T15:35:22.9440000Z
"pd828n",2021-12-11T15:35:11.2830000Z
"j755rg",2021-12-11T15:29:24.9580000Z
"j745rg bmw i8",2021-12-11T15:24:39.3860000Z
"j745rg",2021-12-11T15:24:04.9570000Z
"rrzp15",2021-12-11T15:23:50.7090000Z
"am3105 rdw",2021-12-11T13:47:30.8840000Z
"am3105",2021-12-11T13:47:25.7310000Z
"dr5533 rdw",2021-12-11T13:46:58.2770000Z
"dr5533",2021-12-11T13:46:49.3670000Z
"k037jr bmw",2021-12-11T13:46:17.6940000Z
"k037jr",2021-12-11T13:46:11.6260000Z
"j107jr audi",2021-12-10T19:48:02.9990000Z
"j107jr",2021-12-10T19:47:51.2630000Z
"h334jk",2021-12-10T17:58:31.8250000Z
"h343jk mercedes",2021-12-10T17:57:29.0530000Z
"h343jk",2021-12-10T17:57:21.3720000Z
"th336j",2021-12-10T17:14:41.1220000Z
"k070gk",2021-12-08T12:30:36.8160000Z
"rg347v",2021-12-08T11:59:01.0970000Z
"rg374v",2021-12-08T11:50:36.9240000Z
"n478df",2021-12-07T17:41:28.0880000Z
"l107lt",2021-12-07T17:34:21.9600000Z
"73xdv1",2021-12-07T17:18:24.7020000Z
"sv464j",2021-12-07T17:16:34.1680000Z
"n902hv",2021-12-07T15:39:53.8930000Z
"g276lk",2021-12-05T08:55:13.9970000Z
"n528jr",2021-12-04T16:15:42.4190000Z
"pv394d",2021-12-04T14:29:39.2980000Z
"sv200b",2021-12-04T13:30:50.2090000Z
"j555gs",2021-12-03T17:20:59.3110000Z
"j555sg",2021-12-03T17:20:53.7330000Z
"2tjp12",2021-12-02T13:01:44.0580000Z
"gj032t",2021-12-01T16:27:34.0900000Z
"j981gs",2021-11-28T14:21:52.2230000Z
"k684xb",2021-11-26T12:07:26.9730000Z
"n281hn",2021-11-26T10:15:22.7780000Z
"n315ll rdw",2021-11-23T16:54:58.1270000Z
"n315ll",2021-11-23T16:54:52.4460000Z
"n781dz",2021-11-21T18:52:50.8400000Z
"l097rg",2021-11-19T18:50:50.9720000Z
"l079rg",2021-11-19T18:50:33.9980000Z
"n604br",2021-11-19T18:05:41.6790000Z
"sb515f",2021-11-19T14:40:59.1410000Z
"h829rz",2021-11-18T12:04:40.0570000Z
"GH686N",2021-11-16T10:29:57.8880000Z
"n774kg",2021-11-13T15:58:43.5950000Z
"gl20dx rdw",2021-11-13T11:12:12.0280000Z
"gl20dx",2021-11-13T11:12:03.8220000Z
"h668xn",2021-11-13T10:40:26.2270000Z
"h668xn",2021-11-12T17:48:58.1040000Z
"th836b",2021-11-12T13:28:03.3480000Z
"nb439g",2021-11-11T22:14:14.6660000Z
"8kdj83",2021-11-11T22:14:00.4970000Z
"tb003b",2021-11-11T22:13:50.2990000Z
"zj488z",2021-11-11T22:13:37.7540000Z
"zd250p",2021-11-11T22:13:22.8210000Z
"zk086f",2021-11-11T22:13:07.6590000Z
"l773fz",2021-11-11T22:12:56.8050000Z
"gt165f",2021-11-11T22:12:44.5900000Z
"1tpx36",2021-11-11T22:12:33.6550000Z
"h049fd mercedes",2021-11-11T22:12:07.9090000Z
"zk775t",2021-11-11T22:11:54.5140000Z
"sb366d",2021-11-11T22:11:33.4090000Z
"kg948s",2021-11-11T22:11:09.6600000Z
"k079rh",2021-11-11T22:10:43.2780000Z
"zg367p",2021-11-11T22:10:29.9450000Z
"j162hs",2021-11-11T22:10:18.6220000Z
"gn118v",2021-11-11T22:10:01.4280000Z
"xd418n",2021-11-11T22:09:29.1020000Z
"ph527p",2021-11-11T22:09:18.5210000Z
"j541fp",2021-11-11T22:08:37.3230000Z
"l010br",2021-11-11T22:08:12.3910000Z
"zb591x",2021-11-11T22:08:02.4390000Z
"51xkv7",2021-11-11T22:07:33.5780000Z
"j013tt",2021-11-11T22:07:23.0520000Z
"kh126n",2021-11-11T22:07:16.1410000Z
"gl513s",2021-11-11T22:07:06.0210000Z
"j833gl",2021-11-11T22:06:52.7450000Z
"tv965r",2021-11-11T22:06:38.5590000Z
"9skr72",2021-11-11T22:06:00.7910000Z
"7zsj31",2021-11-11T22:05:43.9570000Z
"zf976v",2021-11-11T22:05:31.1590000Z
"xv946f",2021-11-11T22:05:18.4340000Z
"33jtt4",2021-11-11T22:04:57.1280000Z
"h516hk",2021-11-11T22:04:41.4640000Z
"l555lg",2021-11-11T22:04:08.7510000Z
"j163sl",2021-11-11T22:03:51.7140000Z
"xt672h",2021-11-11T22:03:34.9210000Z
"h736nv",2021-11-11T22:03:21.0940000Z
"zr451k",2021-11-11T22:03:07.6990000Z
"k374lk",2021-11-11T22:02:49.4610000Z
"87gzs4",2021-11-11T22:02:36.8960000Z
"nf495z",2021-11-11T22:02:24.4730000Z
"k644nv mclaren",2021-11-11T22:01:30.0370000Z
"ar9072",2021-11-11T22:00:49.0920000Z
"1kpl41",2021-11-11T22:00:36.4030000Z
"nz103v",2021-11-11T22:00:02.1670000Z
"k713tp",2021-11-11T21:59:44.8950000Z
"g205nh",2021-11-11T21:58:54.2670000Z
"zd210p",2021-11-11T21:58:40.5730000Z
"rf874h",2021-11-11T21:58:26.1550000Z
"l503hk",2021-11-11T21:58:12.8110000Z
"j579rh",2021-11-11T21:57:58.7710000Z
"g254hj",2021-11-11T21:57:50.6270000Z
"k683fd",2021-11-11T21:57:40.3540000Z
"h056lk",2021-11-11T21:57:15.1790000Z
"sh337r",2021-11-11T21:56:57.3830000Z
"al1139",2021-11-11T21:56:43.4710000Z
"zv664v",2021-11-11T21:56:29.8140000Z
"4zlh26",2021-11-11T21:56:13.5550000Z
"k773pt",2021-11-11T21:55:59.0720000Z
"h612vs",2021-11-11T21:55:39.0810000Z
"h219lp",2021-11-11T21:55:27.3550000Z
"xx620p",2021-11-11T21:55:15.4280000Z
"l231kt",2021-11-11T21:55:00.5270000Z
"j331nf",2021-11-11T21:54:47.9120000Z
"xl667t",2021-11-11T21:54:33.5590000Z
"j012xf",2021-11-11T21:54:09.8550000Z
"jd385t",2021-11-11T21:53:11.5500000Z
"j107jj",2021-11-11T21:53:00.4640000Z
"k305gk",2021-11-11T21:52:32.4730000Z
"g925gg",2021-11-11T21:52:04.9730000Z
"56xrt2",2021-11-11T21:48:37.8540000Z
"tx819g",2021-11-11T21:48:23.5940000Z
"zs163s",2021-11-11T21:47:50.1880000Z
"50prd6",2021-11-11T21:47:36.3300000Z
"kb877z",2021-11-11T21:46:47.7950000Z
"pp223b mercedes a45",2021-11-11T21:46:23.8950000Z
"h906tv bentley",2021-11-11T21:46:01.8840000Z
"zv75kv",2021-11-11T21:45:48.2130000Z
"k930pd",2021-11-11T21:45:38.0540000Z
"zf860v",2021-11-11T21:45:23.9230000Z
"42hz99",2021-11-11T21:44:59.0430000Z
"j823tk",2021-11-11T21:44:43.1350000Z
"ks931r",2021-11-11T21:44:30.7880000Z
"k589gp",2021-11-11T21:44:17.1780000Z
"l554br",2021-11-11T21:44:02.8120000Z
"k621zg",2021-11-11T21:43:34.4500000Z
"xs609t",2021-11-11T21:43:11.8710000Z
"zt335j",2021-11-11T21:42:49.5610000Z
"k254bn",2021-11-11T21:42:28.2740000Z
"j023fr",2021-11-11T21:42:16.1910000Z
"xx765n",2021-11-11T21:42:03.4920000Z
"xd452t",2021-11-11T21:41:52.6390000Z
"k617fl",2021-11-11T21:41:37.5650000Z
"k846tv",2021-11-11T21:41:10.8350000Z
"l650fz",2021-11-11T21:40:47.2740000Z
"k119hk",2021-11-11T21:39:52.3140000Z
"dr5045 ferrari",2021-11-11T21:39:32.5670000Z
"6kbk23",2021-11-11T21:39:19.7400000Z
"kj672b",2021-11-11T21:39:02.6490000Z
"pj439x",2021-11-11T21:38:45.6640000Z
"j906lz",2021-11-11T21:38:29.0920000Z
"h928fl",2021-11-11T21:38:16.0780000Z
"xj500p",2021-11-11T21:37:56.8040000Z
"tb011n",2021-11-11T21:37:39.2570000Z
"k681sh",2021-11-11T21:37:26.1630000Z
"kh820h",2021-11-11T21:37:09.8400000Z
"k218kt",2021-11-11T21:36:49.7080000Z
"k743lh",2021-11-11T21:36:33.4090000Z
"9tjs52",2021-11-11T21:36:19.3650000Z
"l847rs",2021-11-11T21:36:02.2460000Z
"l709sp",2021-11-11T21:35:25.6670000Z
"sx657d",2021-11-11T21:35:11.2320000Z
"l943kt",2021-11-11T21:34:55.6340000Z
"xk658v",2021-11-11T21:34:41.0940000Z
"zr691r",2021-11-11T21:34:16.2430000Z
"l304ff",2021-11-11T21:33:58.5660000Z
"36nbpx",2021-11-11T21:33:41.7950000Z
"k535bj",2021-11-11T21:32:14.0360000Z
"h606lp",2021-11-11T21:32:01.5030000Z
"52hvd8",2021-11-11T21:31:46.8380000Z
"zs447v",2021-11-11T21:30:50.3250000Z
"l725rp",2021-11-11T21:30:34.4010000Z
"k582jr",2021-11-11T21:30:21.4320000Z
"k644nv",2021-11-11T21:30:06.6610000Z
"l147sj",2021-11-11T21:29:53.1500000Z
"l543fx",2021-11-11T21:29:31.1990000Z
"22tlsp",2021-11-11T21:29:05.6500000Z
"rg312v",2021-11-11T21:28:46.8620000Z
"47tbtd",2021-11-11T21:28:31.8650000Z
"k183zs",2021-11-11T21:28:12.4320000Z
"l038vz",2021-11-11T21:27:58.6900000Z
"h858rf",2021-11-11T21:27:46.5280000Z
"xv042j",2021-11-11T21:27:30.8830000Z
"xz481j",2021-11-11T21:27:16.1290000Z
"l178df",2021-11-11T21:26:43.6830000Z
"sn753z",2021-11-11T21:25:51.5900000Z
"hj906b",2021-11-11T21:25:34.0750000Z
"74ppd9",2021-11-11T21:20:06.3260000Z
"h975lx",2021-11-11T21:19:54.5690000Z
"dz5315 maserati",2021-11-11T21:19:38.8240000Z
"8znv87",2021-11-11T21:19:21.1980000Z
"g972ps",2021-11-11T21:19:04.7870000Z
"l320dx",2021-11-11T21:18:49.3600000Z
"xs153x",2021-11-11T21:18:10.8090000Z
"l350td",2021-11-11T21:18:08.2950000Z
"nt082j audi rs6",2021-11-11T21:17:43.5330000Z
"jv067b",2021-11-11T21:17:25.1400000Z
"rl717x",2021-11-11T21:17:08.1090000Z
"pm2231 rdw",2021-11-11T21:16:48.4730000Z
"al2319",2021-11-11T21:16:29.9950000Z
"05zfts",2021-11-11T21:16:18.1470000Z
"88zsp5 ferrari rdw",2021-11-11T21:16:01.4590000Z
"l252gl",2021-11-11T21:15:47.4210000Z
"g645nr",2021-11-11T21:15:30.0470000Z
"12jlbb",2021-11-11T21:15:14.2380000Z
"k863nf",2021-11-11T21:14:59.4970000Z
"l328vh",2021-11-11T21:14:46.4010000Z
"k17 tn ferrari",2021-11-11T21:14:36.9740000Z
"k103zp",2021-11-11T21:14:21.8090000Z
"g312dp",2021-11-11T21:14:03.9710000Z
"g192lg mercedes rdw",2021-11-11T21:13:54.3190000Z
"h116vx",2021-11-11T21:13:31.8910000Z
"k525sf",2021-11-11T21:13:14.3400000Z
"xl231h",2021-11-11T21:13:00.8880000Z
"zn791p",2021-11-11T21:12:44.0140000Z
"rv186b",2021-11-11T21:12:21.6380000Z
"02xvk9",2021-11-11T21:11:57.3500000Z
"k859xp",2021-11-11T21:11:38.3850000Z
"k570tn",2021-11-11T21:11:21.5090000Z
"k411zn",2021-11-11T21:10:59.2470000Z
"j860pb",2021-11-11T21:10:38.3970000Z
"nz343x",2021-11-11T21:10:22.7870000Z
"j046pv",2021-11-11T21:09:31.8110000Z
"rz181z",2021-11-11T21:09:15.5390000Z
"h965gp",2021-11-11T21:08:57.5420000Z
"kg678f",2021-11-11T21:08:41.4510000Z
"js600f",2021-11-11T21:08:12.6980000Z
"65hks9",2021-11-11T21:07:54.1210000Z
"12ztx5",2021-11-11T21:07:37.2920000Z
"33jtt4",2021-11-11T21:07:20.3220000Z
"l263dk",2021-11-11T21:05:05.3500000Z
"s350 d 2021",2021-11-11T19:22:26.2680000Z
"l833hg",2021-11-11T19:21:38.1240000Z
"l833hg",2021-11-11T09:14:18.6700000Z
"9zlr12",2021-11-09T16:12:57.8350000Z
"hr167j",2021-11-09T09:29:04.5180000Z
"sv200b",2021-11-07T15:04:24.5980000Z
"rz874h",2021-11-07T14:26:25.1540000Z
"TOP 50 lijst",2021-11-06T20:30:38.2330000Z
"l263dk",2021-11-06T18:36:10.1110000Z
"sv464j",2021-11-06T17:07:32.3520000Z
"7tpn63",2021-11-05T19:10:14.2030000Z
"1xsx46",2021-11-05T16:52:56.1900000Z
"33jtt4",2021-11-05T12:50:42.2440000Z
"33jjt4",2021-11-05T12:50:27.9750000Z
"zt036t",2021-11-04T09:49:58.2390000Z
"k094xj",2021-11-01T10:51:12.0670000Z
"gg211p",2021-10-29T14:03:01.6290000Z
"33jtt4",2021-10-29T12:27:42.3810000Z
"33jjt4",2021-10-29T12:27:32.3900000Z
"h965gp",2021-10-29T10:06:32.9750000Z
"xh828b",2021-10-28T21:16:00.2640000Z
"12ztx5",2021-10-28T07:27:08.4540000Z
"65hks9",2021-10-25T20:37:19.6950000Z
"j035vd",2021-10-25T12:52:24.4010000Z
"65hks9",2021-10-25T12:52:12.3750000Z
"js600f",2021-10-25T12:51:49.6090000Z
"kg678f",2021-10-25T12:51:30.1500000Z
"nn102p",2021-10-24T12:09:52.1810000Z
"nn102k",2021-10-24T12:09:45.1870000Z
"h965gp",2021-10-24T11:26:39.4740000Z
"rz181z",2021-10-24T11:23:03.8770000Z
"j046pv",2021-10-23T20:41:38.1350000Z
"g229zg",2021-10-23T18:57:02.8060000Z
"n149hh",2021-10-23T11:40:01.1190000Z
"nz343x",2021-10-22T16:54:46.7040000Z
"k570tn",2021-10-22T11:56:23.6300000Z
"j860pb",2021-10-22T11:52:08.4840000Z
"k411zn",2021-10-21T16:22:54.1590000Z
"k570tn",2021-10-21T16:18:04.1340000Z
"k859xp",2021-10-19T16:35:49.4180000Z
"java17 jboss",2021-10-18T10:04:49.9050000Z
"j110zs",2021-10-17T11:52:10.5140000Z
"02xvk9",2021-10-17T07:57:22.8430000Z
"rv186b",2021-10-16T12:58:44.8870000Z
"rv186b",2021-10-16T11:23:37.3530000Z
"zn791p",2021-10-15T19:52:02.5060000Z
"n414ng drw",2021-10-12T12:04:53.7220000Z
"n414ng",2021-10-12T12:04:48.3950000Z
"zn791p",2021-10-11T18:36:45.0290000Z
"xl231h",2021-10-11T18:36:29.6610000Z
"k525sf",2021-10-11T18:36:05.5150000Z
"h116vx",2021-10-11T18:35:44.0930000Z
"k396tg",2021-10-11T18:12:53.6960000Z
"g466hj",2021-10-09T13:15:31.5690000Z
"tb335z",2021-10-05T14:58:10.0390000Z
"tb335l",2021-10-05T14:58:03.6050000Z
"g192lg mercedes rdw",2021-10-03T16:34:35.9310000Z
"g192gl mercedes rdw",2021-10-03T16:34:20.0710000Z
"g192gl mercedes c63",2021-10-03T16:34:09.7310000Z
"g192lg mercedes c63",2021-10-03T16:33:56.9620000Z
"g192lg",2021-10-03T16:33:45.1800000Z
"st474p",2021-10-03T16:00:03.2670000Z
"g312dp",2021-10-02T21:21:19.8260000Z
"jf249r",2021-10-02T12:17:03.1770000Z
"k863nf",2021-10-01T13:33:45.9580000Z
"k17 tn ferrari",2021-09-30T16:54:00.4550000Z
"k103zp",2021-09-30T16:14:55.6590000Z
"k170tn ferrari",2021-09-30T16:14:46.1800000Z
"k170tn",2021-09-30T16:14:41.0820000Z
"k490vf",2021-09-30T11:13:40.1100000Z
"k480vf",2021-09-30T11:13:32.7460000Z
"zr541z",2021-09-30T10:57:56.7780000Z
"l328vh",2021-09-30T10:57:39.7080000Z
"l453jd",2021-09-28T17:19:51.0760000Z
"12jlbb",2021-09-26T16:44:07.5370000Z
"g645nr",2021-09-24T14:53:20.0550000Z
"al2319",2021-09-23T16:33:16.6300000Z
"l252gl",2021-09-21T16:10:09.5310000Z
"88zsp5 ferrari rdw",2021-09-21T16:07:46.4280000Z
"88zsp5",2021-09-21T16:07:11.2110000Z
"88zps5",2021-09-21T16:06:45.2270000Z
"05zfts",2021-09-19T17:46:14.3070000Z
"pm2231 rdw",2021-09-19T17:05:35.6580000Z
"pm2231",2021-09-19T17:05:22.7400000Z
"rl717x",2021-09-19T14:20:13.4740000Z
"jv067b",2021-09-19T13:53:07.1750000Z
"l350td",2021-09-18T14:43:23.2310000Z
"nt082j audi rs6",2021-09-18T12:13:33.2830000Z
"nt082j audi",2021-09-18T12:13:19.3060000Z
"nt082j",2021-09-18T12:13:08.6870000Z
"xs153x",2021-09-18T12:09:39.7930000Z
"ts588s audi rdw",2021-09-17T19:54:26.6740000Z
"ts588s audi",2021-09-17T19:53:04.3120000Z
"ts588s",2021-09-17T19:52:57.7850000Z
"8znv87",2021-09-17T19:38:25.4200000Z
"dz5315 maserati",2021-09-17T19:37:32.4480000Z
"dz5315",2021-09-17T19:37:14.0160000Z
"h975lx",2021-09-17T19:36:46.2730000Z
"74ppd9",2021-09-17T19:36:25.4090000Z
"22tlsp",2021-09-17T19:35:56.0770000Z
"22pvts ferrari",2021-09-17T19:35:47.7520000Z
"jn333h",2021-09-17T16:44:17.9380000Z
"l320dx",2021-09-16T08:44:02.7070000Z
"g972ps",2021-09-15T21:19:59.7760000Z
"k144ng",2021-09-15T18:34:56.1330000Z
"gh686n",2021-09-14T15:41:23.9550000Z
"hj906b",2021-09-14T11:37:32.4810000Z
"sn753z",2021-09-14T11:37:20.3930000Z
"l870lt",2021-09-13T20:25:09.3280000Z
"n959bh rdw seat",2021-09-13T17:56:56.3240000Z
"n959bh rdw",2021-09-13T17:56:45.4440000Z
"n959bh",2021-09-13T17:56:36.8110000Z
"l178df",2021-09-13T10:27:32.1750000Z
"k381lz",2021-09-13T07:34:22.1960000Z
"n163bh",2021-09-12T20:09:32.1350000Z
"jr042v",2021-09-12T20:08:38.0870000Z
"jr042j",2021-09-12T20:08:28.5520000Z
"xz481j",2021-09-12T20:08:09.9520000Z
"xv042j",2021-09-12T18:34:47.5630000Z
"h858rf",2021-09-12T18:34:26.2970000Z
"l038vz",2021-09-12T17:50:34.9560000Z
"k183zs",2021-09-12T17:31:53.3550000Z
"9kbd18",2021-09-12T17:20:59.7590000Z
"47tbtd",2021-09-12T12:43:29.2160000Z
"rg312v",2021-09-09T21:43:55.6200000Z
"ng 317 v mclaren rdw",2021-09-09T21:43:22.2800000Z
"ng 317 v mclaren",2021-09-09T21:43:10.7130000Z
"ng317v mclaren",2021-09-09T21:42:53.0780000Z
"ng317v",2021-09-09T21:42:45.3010000Z
"22pvts ferrari",2021-09-09T21:00:00.7340000Z
"22pvts ferrari",2021-09-09T10:40:57.9050000Z
"22pvts",2021-09-09T10:40:18.7960000Z
"12zx 5 ferrari",2021-09-09T10:39:24.1890000Z
"12 zpx 5 ferrari",2021-09-09T10:38:42.3170000Z
"12 zxp 5 ferrari",2021-09-09T10:38:10.3550000Z
"12zxp5 ferrari",2021-09-09T10:37:55.7870000Z
"12zxp5",2021-09-09T10:37:48.7570000Z
"l545pv",2021-09-09T09:36:04.8290000Z
"l545bv",2021-09-09T09:35:59.5740000Z
"l595jd",2021-09-07T18:22:53.9310000Z
"l002xs",2021-09-07T18:05:43.2610000Z
"l002zs ferrari",2021-09-07T18:05:36.5300000Z
"l147sj",2021-09-05T18:01:10.7090000Z
"j507sl",2021-09-05T18:00:29.9390000Z
"k644nv",2021-09-05T17:58:12.1620000Z
"zr415k bmw",2021-09-05T15:27:07.5040000Z
"zr415k",2021-09-05T15:26:54.6300000Z
"k582jr",2021-09-05T15:17:18.9340000Z
"l725rp",2021-09-05T12:58:24.2000000Z
"zs447v",2021-09-05T11:40:05.7270000Z
"l002zs ferrari",2021-09-05T10:12:03.4650000Z
"l002zs",2021-09-05T10:11:57.0230000Z
"52hvd8",2021-09-05T10:00:51.3410000Z
"h606lp",2021-09-04T20:59:02.9230000Z
"k535bj",2021-09-04T20:56:23.6070000Z
"36nbpx",2021-09-04T20:55:27.7200000Z
"l304ff",2021-09-04T20:55:00.7840000Z
"zr691r",2021-09-04T20:54:01.9370000Z
"xk658v",2021-09-04T18:14:29.8660000Z
"l943kt",2021-09-04T18:02:15.6980000Z
"sx657d",2021-09-04T17:52:42.0550000Z
"l709sp",2021-09-04T17:51:11.2380000Z
"l841lk bentley",2021-09-04T17:42:43.5550000Z
"l841kg bentley",2021-09-04T17:42:20.3620000Z
"9tjs52",2021-09-04T17:27:28.1330000Z
"k743lh",2021-09-04T17:00:48.3030000Z
"k218kt",2021-09-04T17:00:35.7330000Z
"kh820h",2021-09-04T17:00:22.9390000Z
"xj666z mercedes",2021-09-04T16:53:28.3560000Z
"xj666z",2021-09-04T16:53:22.1430000Z
"k681sh",2021-09-04T16:50:11.8690000Z
"tb011n",2021-09-04T16:49:56.0670000Z
"xj500p",2021-09-04T16:39:38.9410000Z
"l332vz",2021-09-01T16:39:58.2000000Z
"k894rs",2021-08-31T17:08:52.3050000Z
"h928fl",2021-08-30T17:23:59.5600000Z
"zp196b",2021-08-29T09:28:44.7590000Z
"j906lz",2021-08-29T09:28:33.2330000Z
"pj439x",2021-08-28T14:35:41.8350000Z
"kj672b",2021-08-27T18:48:36.6860000Z
"kj672j",2021-08-27T18:48:08.9390000Z
"6kbk23",2021-08-27T18:47:37.8930000Z
"dr5045 ferrari",2021-08-27T18:45:22.1620000Z
"dr5045",2021-08-27T18:44:58.0910000Z
"k119hk",2021-08-27T18:44:28.7220000Z
"g919zh",2021-08-27T07:10:53.4760000Z
"lj64nx",2021-08-26T19:43:19.0010000Z
"nr79vx",2021-08-26T19:32:50.6810000Z
"k471fr",2021-08-26T18:41:45.5650000Z
"l650fz",2021-08-26T17:08:41.3840000Z
"k846tv",2021-08-26T16:46:34.6050000Z
"k617fl",2021-08-26T16:22:47.7970000Z
"xd452t",2021-08-25T13:22:20.4340000Z
"xx765n",2021-08-23T11:14:54.4090000Z
"k254bn",2021-08-23T11:14:15.1220000Z
"zt335j",2021-08-23T11:12:35.8170000Z
"xs609t",2021-08-23T11:10:54.7430000Z
"zk086f",2021-08-23T11:10:38.6900000Z
"j066vp",2021-08-23T11:08:50.0220000Z
"j066pv",2021-08-23T11:08:32.2870000Z
"k621zg",2021-08-23T11:08:21.0350000Z
"l554br",2021-08-23T11:08:07.6800000Z
"24h le mans",2021-08-21T22:07:07.4050000Z
"gh686n",2021-08-21T15:29:44.0750000Z
"l999sl autoweek",2021-08-21T15:28:36.3170000Z
"l999sl",2021-08-21T15:26:31.4270000Z
"l554br",2021-08-21T15:25:06.3860000Z
"j926vt",2021-08-19T21:03:22.2480000Z
"g916tv mercedes",2021-08-19T21:02:21.4430000Z
"k589gp",2021-08-19T17:23:35.6700000Z
"g916vt mercedes",2021-08-19T07:07:45.0060000Z
"g916vt",2021-08-19T07:07:31.7950000Z
"ks931r",2021-08-16T09:45:54.9960000Z
"j823tk",2021-08-15T18:23:41.1000000Z
"42hz99",2021-08-15T16:42:18.8760000Z
"42hz49",2021-08-15T16:24:09.8100000Z
"zf860v",2021-08-14T14:37:27.5340000Z
"h616xk",2021-08-14T14:31:34.0220000Z
"k930pd",2021-08-13T20:17:04.0330000Z
"zv75kv",2021-08-13T20:16:46.6970000Z
"j541fp",2021-08-13T18:17:12.1890000Z
"h906tv bentley",2021-08-13T15:11:08.8270000Z
"nn669t",2021-08-12T16:41:33.7970000Z
"pp223b mercedes a45",2021-08-12T16:34:45.6280000Z
"pp223b mercedes",2021-08-12T16:34:34.6870000Z
"pp223b",2021-08-12T16:34:26.7000000Z
"kb877z",2021-08-12T16:29:51.4670000Z
"k325kr",2021-08-10T14:01:18.4500000Z
"gh686n",2021-08-10T13:46:45.3000000Z
"j190pd",2021-08-10T13:44:05.4120000Z
"j398rr",2021-08-08T12:11:15.1380000Z
"50prd6",2021-08-07T19:16:49.7310000Z
"zs163s",2021-08-07T08:32:13.7270000Z
"tx819g",2021-08-06T16:44:49.4440000Z
"tb152x",2021-08-06T15:42:00.9270000Z
"tb152s",2021-08-06T15:41:54.5520000Z
"k633rk",2021-08-06T13:40:22.9770000Z
"56xrt2",2021-08-06T13:32:27.1580000Z
"h980xd",2021-08-05T09:55:40.7690000Z
"pl658k",2021-08-04T17:12:07.7920000Z
"hj488z mercedes sl",2021-08-02T20:58:48.1710000Z
"hj 488 mercedes sl",2021-08-02T20:57:07.1410000Z
"hj 488 mercedes",2021-08-02T20:56:48.2760000Z
"hj488z mercedes",2021-08-02T20:56:18.5970000Z
"hj488z",2021-08-02T19:54:15.8430000Z
"g925gg",2021-08-02T19:12:40.3590000Z
"k305gk",2021-08-02T17:47:37.7020000Z
"xh163d",2021-08-02T13:19:38.0010000Z
"gh686n",2021-08-01T11:28:44.7920000Z
"slk350 r172",2021-07-31T20:05:08.2990000Z
"j107jj",2021-07-31T15:36:13.8480000Z
"kl 356 maserati quattroporte",2021-07-31T15:19:51.2050000Z
"kl356x maserati",2021-07-31T15:19:25.2650000Z
"kl356x",2021-07-31T15:19:09.4830000Z
"jd385t",2021-07-31T12:45:23.9810000Z
"56zgkf",2021-07-31T08:46:34.2170000Z
"kh126n",2021-07-31T08:38:54.7940000Z
"j012xf",2021-07-31T08:26:37.3150000Z
"zs946n",2021-07-25T19:56:36.3860000Z
"xl667t",2021-07-25T14:01:40.7100000Z
"j331nf",2021-07-25T13:09:00.4120000Z
"8krb23",2021-07-25T13:08:02.9050000Z
"l231kt",2021-07-25T13:07:25.7770000Z
"xx620p",2021-07-25T13:03:46.3850000Z
"h219lp",2021-07-25T12:12:09.2850000Z
"h612vs",2021-07-25T12:08:19.1400000Z
"h062vs",2021-07-25T12:07:03.4220000Z
"k773pt",2021-07-24T14:35:50.5680000Z
"tg 556 g mercedes",2021-07-24T14:24:42.3420000Z
"tg556g mercedes",2021-07-24T14:24:30.9990000Z
"4zlh26",2021-07-24T14:24:20.2830000Z
"zv664v",2021-07-24T08:11:33.7720000Z
"al1139",2021-07-23T16:21:27.8660000Z
"sh337r",2021-07-23T14:45:30.2430000Z
"h056lk",2021-07-23T14:38:36.5080000Z
"43xxjz",2021-07-22T17:21:49.6490000Z
"g772gf",2021-07-19T16:18:20.8320000Z
"l107gr",2021-07-17T14:35:23.4940000Z
"k683fd",2021-07-17T14:21:18.6160000Z
"k357vg",2021-07-17T13:39:31.3560000Z
"k357bn",2021-07-17T13:39:12.6630000Z
"rd 023 mercedes amg",2021-07-17T13:38:41.2090000Z
"rd 023 mercedes",2021-07-17T13:38:35.0420000Z
"rd023p mercedes",2021-07-17T13:38:05.3520000Z
"rd023p",2021-07-17T13:37:59.3660000Z
"g254hj",2021-07-16T17:06:10.3720000Z
"k254bn",2021-07-16T17:05:27.5870000Z
"j579rh",2021-07-15T14:48:30.2390000Z
"l503hk",2021-07-15T14:48:01.9030000Z
"rf874h",2021-07-15T14:47:23.8110000Z
"zd210p",2021-07-15T12:59:15.8290000Z
"g205nh",2021-07-15T12:08:46.6100000Z
"vl891h",2021-07-13T16:35:44.2310000Z
"k713tp",2021-07-13T09:30:47.8700000Z
"j541fp",2021-07-12T14:12:18.6110000Z
"tl408n",2021-07-12T09:25:54.1540000Z
"nz103v",2021-07-12T09:15:33.1080000Z
"96xst9",2021-07-12T08:04:28.1540000Z
"k325kr",2021-07-12T08:03:38.6460000Z
"g225kd",2021-07-11T18:21:15.4150000Z
"1kpl41",2021-07-08T18:57:05.2430000Z
"k652vs",2021-07-08T18:40:37.4180000Z
"zg 063 t jaguar",2021-07-08T18:04:35.1940000Z
"zg063t jaguar",2021-07-08T18:03:26.0440000Z
"zg063t",2021-07-08T18:03:15.8790000Z
"ar9072",2021-07-08T18:03:04.4770000Z
"22tlsp",2021-07-08T15:12:57.6950000Z
"xd980n",2021-07-07T10:41:05.1920000Z
"tp 654 g mercedes",2021-07-04T16:17:20.2090000Z
"tp654g mercedes",2021-07-04T16:17:07.7550000Z
"tp654g",2021-07-04T16:16:55.4680000Z
"k644nv mclaren",2021-07-04T15:04:32.5490000Z
"k664nv mclaren",2021-07-04T15:04:07.1190000Z
"k664nv",2021-07-04T15:03:45.4020000Z
"l570bg",2021-07-03T17:09:56.5670000Z
"87gzs4",2021-07-02T15:37:03.7270000Z
"87gsz4",2021-07-02T15:36:24.1160000Z
"nf495z",2021-07-01T17:55:07.4230000Z
"k374lk",2021-07-01T17:54:07.4020000Z
"k627rb",2021-07-01T15:49:16.0770000Z
"zr451k",2021-06-30T14:05:34.0330000Z
"h736nv",2021-06-26T13:16:47.2980000Z
"xt672h",2021-06-26T13:12:26.2330000Z
"j163sl",2021-06-25T16:02:38.8200000Z
"l555lg",2021-06-24T16:03:35.6880000Z
"k254bn",2021-06-24T11:34:27.9120000Z
"h516hk",2021-06-24T11:33:37.1970000Z
"33jtt4",2021-06-23T14:35:18.1940000Z
"2zfs51 z4",2021-06-19T13:42:16.6930000Z
"2zfs51",2021-06-19T13:42:11.1540000Z
"xv946f",2021-06-17T16:08:42.8540000Z
"zf976v",2021-06-17T13:48:00.8200000Z
"GMS764",2021-06-16T12:52:56.2420000Z
"nt305t",2021-06-14T15:34:42.0090000Z
"7zsj31",2021-06-14T12:02:15.7360000Z
"7zsj31 huren",2021-06-14T12:02:07.5970000Z
"9skr72",2021-06-14T11:26:59.8510000Z
"nb439g",2021-06-12T11:57:01.2510000Z
"8kdj83",2021-06-11T16:17:07.1170000Z
"tb003b",2021-06-11T16:16:45.3720000Z
"zj488z",2021-06-10T15:43:12.5130000Z
"zd250p",2021-06-09T17:31:23.9950000Z
"zk086f",2021-06-09T17:31:01.0090000Z
"l773fz",2021-06-09T15:41:33.1470000Z
"gt165f",2021-06-08T16:05:35.0570000Z
"nv518b mercedes rdwdata sl63 amg",2021-06-07T18:49:57.5780000Z
"nk 598 b mercedes rdwdata sl63 amg",2021-06-07T18:49:28.4210000Z
"nk 598 b mercedes rdwdata sl55 amg",2021-06-07T18:48:39.0310000Z
"nk 598 b mercedes rdwdata sl",2021-06-07T18:43:23.1820000Z
"nk 598 b mercedes rdwdata",2021-06-07T18:42:49.9560000Z
"nk 598 b mercedes",2021-06-07T18:42:13.0890000Z
"nk598b mercedes",2021-06-07T18:41:52.4250000Z
"nk598b mercedes sl amg",2021-06-07T18:41:38.5870000Z
"3533ea 110 utrecht",2021-06-07T06:55:17.9840000Z
"3533ea 110",2021-06-07T06:55:11.6950000Z
"3533ea 110 handelstraat",2021-06-07T06:52:52.4440000Z
"1tpx36",2021-06-06T10:23:41.8260000Z
"h049fd mercedes",2021-06-05T13:44:12.7270000Z
"h049dd mercedes",2021-06-05T13:43:10.6280000Z
"h049dd",2021-06-05T13:43:02.4500000Z
"zk775t",2021-06-05T11:15:07.5350000Z
"zs761d",2021-05-31T10:38:41.0470000Z
"j252gl mercedes",2021-05-31T09:13:50.0070000Z
"j252gl",2021-05-31T09:13:43.6740000Z
"g312dp",2021-05-31T09:11:50.9480000Z
"sb366d",2021-05-30T15:30:34.0600000Z
"12jlbb",2021-05-30T15:28:10.0070000Z
"kg948s",2021-05-30T14:43:02.9340000Z
"h682fl ferrari",2021-05-29T17:10:23.1910000Z
"h682fl",2021-05-29T17:10:11.2920000Z
"k079rh",2021-05-29T17:07:24.7540000Z
"pn367p amg",2021-05-29T13:09:32.3870000Z
"pn367p",2021-05-29T13:09:26.2580000Z
"zg367p",2021-05-29T13:08:38.0330000Z
"j162hs",2021-05-29T12:48:29.1400000Z
"gn118v",2021-05-28T17:10:19.9980000Z
"sh961k",2021-05-28T12:17:34.9100000Z
"xd418n",2021-05-28T12:01:10.7380000Z
"ph527p",2021-05-27T14:59:14.6970000Z
"j902pp mercedes glc",2021-05-25T13:03:13.6790000Z
"j902pp",2021-05-25T13:02:59.5940000Z
"j541pp mercedes amg",2021-05-24T14:27:39.3240000Z
"j541pp mercedes",2021-05-24T14:27:11.4700000Z
"j541pp",2021-05-24T14:26:58.7460000Z
"l658bt",2021-05-22T10:20:53.1120000Z
"l010br",2021-05-20T16:46:10.8780000Z
"zb591x",2021-05-20T16:44:45.7960000Z
"40zrl1 mercedes",2021-05-20T14:00:17.7950000Z
"40zlr1 mercedes",2021-05-20T14:00:08.7840000Z
"40zlr1",2021-05-20T13:59:59.9210000Z
"51xkv7",2021-05-19T08:50:12.1040000Z
"j013tt",2021-05-19T08:49:03.0100000Z
"kh126n",2021-05-18T11:33:56.5400000Z
"gl513s",2021-05-18T11:14:20.7310000Z
"08xlrk",2021-05-15T12:02:28.5990000Z
"j982dx",2021-05-11T13:58:31.2130000Z
"j982dx",2021-05-11T12:59:02.6770000Z
"nz103v",2021-05-09T16:23:21.2720000Z
"63ndj8",2021-05-06T17:02:37.8180000Z
"j833gl",2021-05-03T21:38:57.9790000Z
"j833gl",2021-05-03T15:37:28.4420000Z
"tv965r",2021-05-03T15:35:24.7990000Z
"jd417l",2021-05-02T16:55:13.0940000Z
"8kpp04",2021-05-02T16:55:07.3650000Z
"rl623n",2021-05-02T16:54:52.8010000Z
"zn021z",2021-05-02T16:54:21.5560000Z
"j013tt",2021-05-02T16:53:35.8550000Z
"h432sz",2021-05-02T16:53:28.4280000Z
"gh042h",2021-05-02T16:53:15.4060000Z
"nk562b",2021-05-02T16:52:26.8500000Z
"xr316f",2021-05-02T16:51:44.7820000Z
"57nphr",2021-05-02T16:51:39.6500000Z
"tl908f",2021-05-02T16:51:23.3440000Z
"zd99jb",2021-05-02T16:50:50.5610000Z
"07yb08",2021-05-02T16:50:11.4710000Z
"rs533x",2021-05-02T16:49:51.7200000Z
"kk593x",2021-05-02T16:49:28.8540000Z
"sg198k bentley",2021-05-02T16:49:06.3400000Z
"k619sb",2021-05-02T16:48:31.0750000Z
"zd531h",2021-05-02T16:47:45.4790000Z
"zl603d",2021-05-02T16:47:24.7010000Z
"h077bj",2021-05-02T16:46:59.1420000Z
"rr 948 r mercedes",2021-05-02T16:46:00.4170000Z
"zv668s",2021-05-02T16:45:23.9280000Z
"14xgg9",2021-05-02T16:45:07.2890000Z
"k945vg",2021-05-02T16:44:50.4450000Z
"k272jh",2021-05-02T16:44:29.7110000Z
"tn080p",2021-05-02T16:44:07.8680000Z
"zn493h",2021-05-02T16:43:23.1650000Z
"93xrpl",2021-05-02T16:42:38.8920000Z
"k781vg",2021-05-02T16:42:19.3400000Z
"j964jg",2021-05-02T16:41:54.5910000Z
"j163rl",2021-05-02T16:39:43.5360000Z
"xp330n",2021-05-02T16:38:49.4860000Z
"j770tt",2021-05-02T16:38:30.9820000Z
"h689vz",2021-05-02T16:38:15.1310000Z
"j641lt",2021-05-02T16:37:58.2860000Z
"13rzf8",2021-04-30T13:21:31.9770000Z
"nt305t",2021-04-28T08:31:12.8270000Z
"j641lt",2021-04-25T14:02:01.2370000Z
"j641jf",2021-04-25T14:01:40.0750000Z
"j640rs",2021-04-25T14:01:25.4820000Z
"h689vz",2021-04-22T17:05:29.6080000Z
"g489zf",2021-04-19T14:51:50.9240000Z
"j694lz",2021-04-19T14:50:08.9200000Z
"j770tt",2021-04-19T09:00:25.1750000Z
"j163rl",2021-04-19T08:55:31.6680000Z
"xp330n",2021-04-19T08:34:46.1150000Z
"pg061g",2021-04-11T18:15:47.8550000Z
"gh686n",2021-04-09T09:57:41.7820000Z
"h431nj",2021-04-09T09:57:11.3040000Z
"sz468s",2021-04-07T09:18:43.1970000Z
"3tpn67",2021-04-04T18:16:47.8380000Z
"j964jg",2021-04-04T15:15:31.0720000Z
"k781vg",2021-04-04T15:15:18.1620000Z
"h175gl",2021-04-04T15:15:02.7680000Z
"j384fr",2021-04-04T14:53:47.2060000Z
"93xrpl",2021-04-04T10:46:53.5560000Z
"zn493h",2021-04-03T19:08:01.3170000Z
"tn080p",2021-04-03T19:07:48.9320000Z
"rh115l",2021-04-03T17:31:05.9360000Z
"zn493h",2021-04-03T17:23:12.3440000Z
"tn080p",2021-04-03T17:18:58.8020000Z
"k272jh",2021-04-03T16:56:25.5840000Z
"k945vg",2021-04-03T12:11:31.7700000Z
"41xtv1",2021-04-01T19:18:45.5550000Z
"78xshk rdw",2021-04-01T19:14:04.6710000Z
"78xshk",2021-04-01T19:13:53.7430000Z
"14xgg9",2021-03-31T21:21:51.5290000Z
"tz572p",2021-03-31T19:03:52.3650000Z
"zv668s",2021-03-31T18:09:25.1220000Z
"xp317t",2021-03-31T17:49:06.9730000Z
"rr948r mercedes",2021-03-31T17:47:15.0750000Z
"rr948r",2021-03-31T17:47:07.0940000Z
"h077bj",2021-03-31T17:43:03.5300000Z
"g772gf",2021-03-31T15:58:36.6820000Z
"zl603d",2021-03-31T10:30:42.4560000Z
"zd531h",2021-03-31T10:16:54.6570000Z
"h432sz",2021-03-30T17:34:32.7090000Z
"h432zs porsche",2021-03-30T17:32:52.8210000Z
"h432zs",2021-03-30T17:32:41.8770000Z
"k619sb",2021-03-23T18:34:53.2930000Z
"rz874h",2021-03-23T18:33:56.4090000Z
"sg198k bentley",2021-03-23T12:24:21.1400000Z
"sg298k bentley",2021-03-23T12:24:07.2560000Z
"sg298k",2021-03-23T12:24:00.5190000Z
"kk593x",2021-03-22T17:14:22.0980000Z
"gg645f",2021-03-20T14:11:54.8960000Z
"rs533x",2021-03-20T14:00:55.0270000Z
"kz368j lexus",2021-03-20T14:00:05.8090000Z
"kz368j",2021-03-20T13:59:57.4210000Z
"07yb08",2021-03-17T10:02:18.5260000Z
"k679ps",2021-03-15T13:54:20.5890000Z
"zd99jb",2021-03-12T15:54:53.2870000Z
"zd99db rdw",2021-03-12T15:54:37.7630000Z
"zd99db",2021-03-12T15:54:27.1780000Z
"k721js",2021-03-11T21:09:48.0700000Z
"96xbvv",2021-03-09T18:35:14.1950000Z
"tl908f",2021-03-09T18:02:48.1840000Z
"57nphr",2021-03-07T17:17:51.6060000Z
"xr316f",2021-03-07T16:57:42.3920000Z
"xr416f",2021-03-07T16:57:32.0430000Z
"zp780k",2021-03-06T17:58:24.1320000Z
"nk562b",2021-03-06T13:19:00.2920000Z
"k911tn",2021-03-06T10:59:57.0440000Z
"gh042h",2021-03-05T19:34:00.6190000Z
"h432sz",2021-03-03T19:25:59.4180000Z
"j013tt",2021-02-27T15:12:08.2100000Z
"j900tt",2021-02-27T14:43:56.0190000Z
"zn021z",2021-02-27T14:19:50.7490000Z
"13rzf8",2021-02-26T19:16:15.1440000Z
"nz739t",2021-02-22T19:27:35.4000000Z
"rl623n",2021-02-21T18:53:05.9290000Z
"rz623n",2021-02-21T18:52:42.8140000Z
"93shs7",2021-02-21T15:43:46.2590000Z
"8kpp04",2021-02-21T14:48:12.2570000Z
"jd417l",2021-02-21T14:20:52.0470000Z
"pv627g",2021-02-21T12:43:13.5420000Z
"75xrv7",2021-02-21T12:42:58.3710000Z
"j164lp mustang",2021-02-21T12:42:45.0850000Z
"k441fr",2021-02-21T12:42:25.5570000Z
"29hjx5",2021-02-21T12:41:41.0080000Z
"h996nl",2021-02-21T12:40:39.8800000Z
"h818nj",2021-02-21T12:40:37.9390000Z
"zh79tv",2021-02-21T12:39:22.1380000Z
"g205nh",2021-02-21T12:38:38.1920000Z
"xk947z",2021-02-21T12:38:18.7570000Z
"j495xd",2021-02-21T12:37:52.5660000Z
"k663rr",2021-02-21T12:17:16.6890000Z
"k863nf",2021-02-21T12:16:06.7520000Z
"th011n",2021-02-20T15:12:37.9980000Z
"74gkh9",2021-02-18T22:04:15.5440000Z
"np723s",2021-02-18T19:04:32.1670000Z
"j852st",2021-02-18T18:41:16.1740000Z
"rj748g",2021-02-17T10:41:53.5880000Z
"ej748g",2021-02-17T10:41:36.9660000Z
"zs761d",2021-02-16T18:59:55.3540000Z
"j495xd",2021-02-16T18:58:45.3540000Z
"zp970p",2021-02-16T18:57:53.2890000Z
"xk943z ferrari",2021-02-16T18:46:29.1700000Z
"xf089k",2021-02-16T13:04:24.5540000Z
"k746rj",2021-02-16T12:30:18.9780000Z
"3tvf01",2021-02-16T12:29:30.1120000Z
"g205nh",2021-02-16T12:20:46.1040000Z
"j163rl",2021-02-15T12:40:43.6710000Z
"zh79tv",2021-02-15T12:13:30.4520000Z
"j602xx",2021-02-13T22:53:00.4210000Z
"top 50",2021-02-13T19:57:38.4250000Z
"j602xx",2021-02-11T21:07:33.1790000Z
"h818nj",2021-02-11T15:09:47.0510000Z
"tv118h",2021-02-09T10:25:24.1920000Z
"h658pn",2021-02-09T10:04:01.8730000Z
"h996nl",2021-02-07T17:49:27.1360000Z
"gk377f",2021-02-03T19:20:51.9490000Z
"G329sh",2021-02-03T16:42:56.3640000Z
"tz491v",2021-02-02T22:00:07.0040000Z
"tz493v",2021-02-02T21:58:57.9250000Z
"tz439b bmw",2021-02-02T21:58:26.0460000Z
"tz439b",2021-02-02T21:58:15.4490000Z
"h265zv",2021-01-30T18:11:27.6970000Z
"14nrx5 maserati",2021-01-30T18:08:51.8110000Z
"14nxr5 maserati",2021-01-30T18:08:42.2830000Z
"14nxr5",2021-01-30T18:08:17.6830000Z
"29hjx5",2021-01-29T19:37:18.2370000Z
"j852st",2021-01-28T19:10:02.8160000Z
"75xrv7",2021-01-18T20:04:52.4230000Z
"75xvr7",2021-01-18T20:04:37.0270000Z
"75xvr6",2021-01-18T19:48:56.1990000Z
"rd269g",2021-01-18T11:45:44.3460000Z
"rd269h",2021-01-18T11:45:15.3770000Z
"38hsh7",2021-01-18T11:43:15.4830000Z
"k441fr",2021-01-17T12:51:19.9210000Z
"j164lp mustang",2021-01-17T10:37:41.2060000Z
"pv627g",2021-01-16T12:48:54.1650000Z
"pv 279 g lamborghini autojunk",2021-01-16T12:47:14.4060000Z
"pv 279 g lamborghini",2021-01-16T12:27:22.4840000Z
"pv279g lamborghini",2021-01-16T12:27:03.6950000Z
"pv279g",2021-01-16T12:26:56.7700000Z
"j164lp mustang",2021-01-16T12:26:36.6020000Z
"j164lp",2021-01-16T12:26:30.8620000Z
"rc300h autotrader",2021-01-16T12:06:12.3700000Z
"rc500h",2021-01-16T12:00:49.4890000Z
"lc500h lexus",2021-01-16T11:57:50.5600000Z
"sb471n",2021-01-16T11:55:08.4980000Z
"74gkh9",2021-01-16T11:41:29.7270000Z
"84nsr5 te koop",2021-01-15T23:59:16.1530000Z
"84nsr5",2021-01-15T23:56:00.8020000Z
"61ggx5",2021-01-14T20:01:27.4850000Z
"4xns00",2021-01-12T20:49:32.7120000Z
"g478pd",2021-01-12T10:14:57.4280000Z
"j013tt",2021-01-12T10:14:05.3180000Z
"td087p",2021-01-12T10:13:27.0450000Z
"gt796k",2021-01-12T10:12:13.0390000Z
"dz9944",2021-01-12T10:11:38.8820000Z
"h369fb",2021-01-12T10:11:06.1890000Z
"""k695"" mercedes rdw",2021-01-12T10:10:22.3770000Z
"rl717x",2021-01-12T10:10:14.7840000Z
"nj845t",2021-01-12T10:09:55.1760000Z
"kv425v",2021-01-12T10:09:26.1830000Z
"rnsh47",2021-01-12T10:09:06.9490000Z
"h923sv",2021-01-09T17:23:01.3260000Z
"j238ld",2021-01-07T21:49:57.5600000Z
"35 amg cla",2021-01-07T11:33:01.0400000Z
"k357hv",2021-01-07T11:31:27.4280000Z
"k375hv",2021-01-07T11:31:12.4190000Z
"h343hh cla",2021-01-07T10:50:50.0270000Z
"h343hh",2021-01-07T10:50:24.8920000Z
"g478pd",2021-01-07T10:32:18.1960000Z
"hl443b",2021-01-07T10:03:43.0090000Z
"g741vj",2021-01-06T15:20:12.3620000Z
"j013tt",2021-01-06T14:04:31.8960000Z
"td087p",2021-01-05T18:52:40.3850000Z
"k230hj audi rs7",2021-01-04T10:41:47.8310000Z
"k230hj rdw",2021-01-04T10:41:33.8900000Z
"k230hj",2021-01-04T10:41:15.6920000Z
"xg062n",2021-01-02T17:28:19.2800000Z
"87tsnb",2020-12-28T16:03:43.1400000Z
"j238ld",2020-12-23T11:01:45.0090000Z
"gt796k",2020-12-21T10:19:32.2550000Z
"j482kl",2020-12-19T14:37:36.9480000Z
"dz9944",2020-12-12T14:36:25.3310000Z
"h369fb",2020-12-12T14:26:47.2910000Z
"2kdj39",2020-12-12T13:20:45.3570000Z
"k695fp",2020-12-11T20:18:56.1170000Z
"J485gg",2020-12-10T15:10:38.7030000Z
"""k695"" mercedes rdw",2020-12-08T20:45:26.7180000Z
"k695jf mercedes",2020-12-08T20:44:19.6090000Z
"k695jf",2020-12-08T20:44:10.7990000Z
"rl717x",2020-12-06T15:07:18.6680000Z
"h274jb",2020-12-05T12:37:01.1460000Z
"f1 fp2 results",2020-12-04T19:04:34.9490000Z
"nj845t",2020-11-30T18:18:44.9870000Z
"kv425v",2020-11-30T09:46:59.5290000Z
"74skv8",2020-11-29T20:06:29.1610000Z
"g618pg",2020-11-29T20:05:05.9890000Z
"25rsnf",2020-11-29T20:04:39.3440000Z
"38rsb3",2020-11-29T20:04:10.2280000Z
"j649xx",2020-11-29T20:02:13.0700000Z
"dl2970 rdw",2020-11-29T20:01:34.3860000Z
"g143pk",2020-11-29T20:01:20.7270000Z
"g347td",2020-11-29T20:01:04.6380000Z
"j962ln",2020-11-29T20:00:59.7780000Z
"kz948r",2020-11-29T20:00:44.8810000Z
"rp760d",2020-11-29T20:00:14.3770000Z
"h791dd",2020-11-29T19:59:51.5990000Z
"j164tp",2020-11-29T19:59:34.5140000Z
"ps803p",2020-11-29T19:58:55.3210000Z
"zr451k",2020-11-29T19:58:00.3440000Z
"76zfdx",2020-11-29T19:56:51.1320000Z
"gk377f",2020-11-29T19:56:09.1850000Z
"jb229h",2020-11-29T19:55:11.4680000Z
"j541fp",2020-11-29T19:54:46.2120000Z
"J543FZ",2020-11-29T19:53:37.1510000Z
"h631jb",2020-11-29T19:53:09.7420000Z
"ah0827 kenteken",2020-11-29T19:52:41.6830000Z
"j922lg maserati levante",2020-11-29T19:52:15.2740000Z
"h500jx",2020-11-29T19:51:01.3970000Z
"zg295p",2020-11-29T19:46:46.2580000Z
"h509sg",2020-11-28T16:57:48.1790000Z
"sv170d",2020-11-28T16:56:56.7200000Z
"74skv8",2020-11-28T13:08:14.4290000Z
"63svtn",2020-11-26T15:40:53.0740000Z
"18tbtf",2020-11-24T21:48:43.0830000Z
"zp648h",2020-11-23T17:54:04.9350000Z
"zp684h",2020-11-23T17:53:44.8240000Z
"j796jx",2020-11-22T21:15:29.3430000Z
"g618pg",2020-11-22T13:23:45.0070000Z
"15jltl",2020-11-22T12:42:09.7220000Z
"25rsnf",2020-11-22T12:36:36.9850000Z
"pm0296",2020-11-22T12:34:53.6600000Z
"sp790n",2020-11-21T16:02:53.3870000Z
"h261sk",2020-11-21T15:09:01.9270000Z
"38rsb3",2020-11-19T18:57:21.9150000Z
"j019hg",2020-11-18T07:52:49.5280000Z
"tb284d",2020-11-17T20:37:32.1570000Z
"jp207n honda type r",2020-11-14T12:56:04.8180000Z
"jp207n honda",2020-11-14T12:55:56.9180000Z
"jp207n",2020-11-14T12:55:48.2310000Z
"xh937n",2020-11-12T10:22:43.4430000Z
"g530vr",2020-11-09T07:49:54.5010000Z
"sk472k maserati",2020-11-08T18:30:17.8320000Z
"sk427k maserati",2020-11-08T18:30:04.9880000Z
"sk472x maserati",2020-11-08T18:29:52.1680000Z
"j649xx",2020-11-08T18:29:13.8590000Z
"sk472k",2020-11-08T18:28:28.9120000Z
"dl2970 rdw",2020-11-08T18:27:11.9500000Z
"dl2970",2020-11-08T18:27:06.2920000Z
"g143pk",2020-11-08T18:26:17.2140000Z
"g276lk",2020-11-08T09:30:32.1410000Z
"g347td",2020-11-07T15:47:11.2440000Z
"j962ln",2020-11-07T15:46:57.4470000Z
"kz948r",2020-11-07T15:10:53.3900000Z
"zs946n",2020-11-07T14:29:07.8050000Z
"rp760d",2020-11-06T19:21:13.5430000Z
"h791dd",2020-11-06T17:25:17.2900000Z
"j164tp",2020-11-05T18:27:27.9260000Z
"j485gg",2020-11-04T06:51:59.5580000Z
"8xdv34",2020-11-02T19:12:03.2470000Z
"j151nb",2020-11-01T19:47:16.7290000Z
"j953hx audi",2020-11-01T17:36:58.6510000Z
"zr439v",2020-10-31T13:01:53.3900000Z
"ps803p",2020-10-31T13:01:44.0330000Z
"zr451k",2020-10-30T16:58:09.5790000Z
"zf227l",2020-10-28T07:08:46.0430000Z
"j785kx",2020-10-26T19:12:55.2640000Z
"j785kx",2020-10-26T16:22:36.2270000Z
"j815kx",2020-10-25T11:28:52.9040000Z
"76zfdx",2020-10-25T11:16:41.4180000Z
"ry11tf",2020-10-24T09:25:45.9540000Z
"gk377f",2020-10-23T16:38:50.4310000Z
"9zkx51",2020-10-22T18:53:45.6220000Z
"rnsh47",2020-10-22T18:52:37.9350000Z
"zd245p",2020-10-16T18:48:44.4430000Z
"j420nt",2020-10-15T13:02:54.4960000Z
"j485gg",2020-10-13T17:22:44.1790000Z
"zg295p",2020-10-11T11:07:35.9330000Z
"sn880d",2020-10-10T14:47:05.0220000Z
"j541fp",2020-10-10T14:16:08.5490000Z
"jb229h",2020-10-10T12:40:00.1610000Z
"J381KH",2020-09-16T18:53:13.2420000Z
"J383KH",2020-09-16T18:52:41.5370000Z
"is250c",2020-09-10T20:16:20.6370000Z
"h156jv",2020-09-09T18:09:16.2110000Z
"xv801j",2020-09-09T10:16:20.7560000Z
"tl636r",2020-09-06T18:18:02.0470000Z
"tl693r ferrari",2020-09-06T18:10:19.0850000Z
"tl639r ferrari",2020-09-06T18:10:04.3200000Z
"tl639r",2020-09-06T18:09:52.0230000Z
"j359dl",2020-09-06T18:08:07.2980000Z
"xv 019 j porsche rood",2020-09-06T18:07:14.8150000Z
"xv 019 j porsche",2020-09-06T18:06:33.0040000Z
"xv019j porsche",2020-09-06T18:06:12.5150000Z
"xv019j",2020-09-06T18:05:56.7170000Z
"hn338v",2020-09-06T17:14:35.6810000Z
"zr285f",2020-09-06T15:24:42.3720000Z
"h378rh",2020-09-06T15:23:13.7120000Z
"3zgp16",2020-09-06T08:04:53.4270000Z
"1zgp16",2020-09-06T08:04:33.7890000Z
"mel881 maserati",2020-09-05T18:20:03.6780000Z
"hj284p",2020-09-03T11:54:46.4170000Z
"gt210j",2020-09-03T11:41:54.7220000Z
"top 50 bilal habib",2020-09-02T19:04:54.4360000Z
"8tbn84",2020-09-02T13:30:26.2720000Z
"hdhd81",2020-09-02T12:16:00.2720000Z
"h377gk",2020-08-31T16:47:00.6970000Z
"37hxr9",2020-08-30T16:34:13.4290000Z
"zj302d",2020-08-30T13:21:48.6190000Z
"kg667f",2020-08-27T16:32:11.1590000Z
"sv464j",2020-08-27T16:17:33.8100000Z
"85ngbs",2020-08-23T18:10:29.2700000Z
"h327gf",2020-08-23T15:58:06.4420000Z
"j025dk",2020-08-23T09:50:07.2760000Z
"j014dh",2020-08-23T09:49:19.7930000Z
"g114lh",2020-08-22T17:49:09.5000000Z
"xx987x",2020-08-22T17:47:54.7570000Z
"j025dk",2020-08-22T17:46:09.6230000Z
"97yb38",2020-08-22T14:13:09.7710000Z
"nh91dp",2020-08-22T11:32:37.4930000Z
"zj927s",2020-08-21T06:08:48.8040000Z
"tk352j",2020-08-21T05:59:10.6470000Z
"tk252j",2020-08-21T05:58:58.3110000Z
"15jtd1",2020-08-20T15:21:07.8330000Z
"zn 928 d",2020-08-15T20:55:27.0870000Z
"kp766h",2020-08-15T20:55:09.1810000Z
"sv789l",2020-08-15T20:54:48.0200000Z
"h510px audi",2020-08-15T20:54:35.9460000Z
"98jj20",2020-08-15T20:54:15.2590000Z
"h594jb",2020-08-15T20:53:53.6010000Z
"8xrj12",2020-08-15T20:53:29.5910000Z
"h833sj",2020-08-15T20:53:06.5920000Z
"h560rg",2020-08-15T20:52:45.4610000Z
"xg929v",2020-08-15T20:52:22.5530000Z
"h587bk",2020-08-15T20:52:03.3280000Z
"sg819z",2020-08-15T20:51:23.0230000Z
"xj395v",2020-08-15T20:50:03.1070000Z
"kf428d",2020-08-15T20:49:27.5220000Z
"zd459z",2020-08-15T20:47:50.8630000Z
"h930vr",2020-08-15T20:47:34.9770000Z
"tk631k",2020-08-15T20:47:16.2930000Z
"h377ts",2020-08-15T20:47:13.2420000Z
"dz5358 kenteken",2020-08-15T20:46:33.4200000Z
"h377sl",2020-08-15T20:45:50.6100000Z
"gg538j",2020-08-15T20:45:35.3610000Z
"Tn184z",2020-08-15T20:44:29.8210000Z
"nv707b",2020-08-15T20:44:09.4620000Z
"m3 gt2 r",2020-08-15T20:43:09.8360000Z
"nn730t",2020-08-15T20:42:31.9810000Z
"nv336k",2020-08-15T20:34:58.5270000Z
"j872gf",2020-08-15T20:34:41.0590000Z
"nr410d",2020-08-15T20:34:18.9290000Z
"j082hf autojunk",2020-08-15T20:34:03.2990000Z
"zv972s",2020-08-15T20:33:41.8930000Z
"h039pv",2020-08-15T15:39:19.1360000Z
"46jzvf",2020-08-15T12:09:22.0240000Z
"xj395v",2020-08-12T06:47:30.2440000Z
"zs01jp",2020-08-11T22:07:29.7310000Z
"g992fg",2020-08-11T07:39:07.2570000Z
"zv972s",2020-08-08T22:10:34.4680000Z
"zv972s autojunk",2020-08-08T22:10:26.0180000Z
"j082hf autojunk",2020-08-08T22:02:52.9130000Z
"j082hf ferrari",2020-08-08T22:02:24.2890000Z
"j082hf",2020-08-08T22:02:13.9540000Z
"nr410d",2020-08-08T18:04:16.9340000Z
"j872gf",2020-08-08T15:48:29.5340000Z
"nv336k",2020-08-07T23:06:51.4460000Z
"m4 f83 cabrio",2020-08-02T20:49:10.4850000Z
"79lpp3",2020-08-02T18:23:16.6230000Z
"nv336k",2020-08-01T22:05:32.8700000Z
"avr250",2020-07-31T20:39:01.2650000Z
"h300ln",2020-07-30T18:29:02.0680000Z
"xg129p",2020-07-30T09:50:13.4750000Z
"67ttp2",2020-07-28T16:54:04.4080000Z
"pron98",2020-07-28T16:18:06.2250000Z
"38jrs4 autoweek",2020-07-27T17:31:44.0600000Z
"38jrs4",2020-07-27T17:31:20.1450000Z
"rl 108 z bmw 440i blauw",2020-07-27T16:06:00.3720000Z
"rl 108 z bmw 440i",2020-07-27T16:05:28.8780000Z
"rl 108 z bmw 440",2020-07-27T16:05:24.0290000Z
"rl108z bmw 440",2020-07-27T16:05:18.4000000Z
"rl801z bmw 440",2020-07-27T16:05:10.2840000Z
"rl808z bmw 440",2020-07-27T16:05:05.3900000Z
"rl108z",2020-07-27T16:03:04.5020000Z
"rl801z",2020-07-27T16:02:52.7250000Z
"m3 gt2 r",2020-07-27T11:11:16.1380000Z
"xn919l",2020-07-27T11:08:37.8010000Z
"nv707b",2020-07-27T11:07:42.6920000Z
"Tn184z",2020-07-27T11:07:01.7880000Z
"cg264n",2020-07-26T13:52:53.6400000Z
"gg538j",2020-07-26T13:50:49.5750000Z
"nn730t",2020-07-26T13:45:43.2880000Z
"j824bk autoweek",2020-07-25T13:07:55.8180000Z
"j824bk porsche",2020-07-25T13:06:43.1150000Z
"j824bk",2020-07-25T13:06:31.5300000Z
"xz647z",2020-07-25T12:25:54.7060000Z
"ct200h",2020-07-24T20:32:46.1110000Z
"G276LK",2020-07-23T08:48:10.0530000Z
"rs427h",2020-07-21T18:03:54.4320000Z
"h377sl",2020-07-19T18:52:50.5270000Z
"j461bg",2020-07-19T16:39:16.0430000Z
"zg787t",2020-07-19T16:06:16.1250000Z
"zg787t",2020-07-19T11:58:57.8270000Z
"nd127x",2020-07-18T16:42:39.8990000Z
"rf080j",2020-07-17T20:33:01.7140000Z
"pv204v",2020-07-16T15:53:12.2170000Z
"pc204v",2020-07-16T15:52:54.4360000Z
"xn833d",2020-07-13T14:46:23.4120000Z
"sg819z",2020-07-13T14:46:04.0970000Z
"h377ts",2020-07-12T19:00:37.2420000Z
"h377sl",2020-07-12T17:30:38.3190000Z
"dz5358 kenteken",2020-07-12T17:27:12.8330000Z
"dz5338 kenteken",2020-07-12T17:26:51.5150000Z
"dz5338",2020-07-12T17:26:42.0870000Z
"tk631k",2020-07-12T12:11:40.6960000Z
"h930vr",2020-07-12T12:11:29.3200000Z
"zd459z",2020-07-11T11:55:55.8440000Z
"kv 425 v",2020-07-07T12:53:35.4250000Z
"kf428d",2020-07-07T11:08:45.1320000Z
"xj395v",2020-07-06T14:59:28.2770000Z
"nb932f",2020-07-05T11:12:51.2140000Z
"nb 917 k porsche kenteken",2020-07-05T11:11:56.6100000Z
"nb917k porsche kenteken",2020-07-05T11:11:39.5740000Z
"nb917k porsche",2020-07-05T11:11:30.8650000Z
"nb917k",2020-07-05T11:11:23.7570000Z
"zn 928 d",2020-07-03T21:13:20.6070000Z
"kp766h",2020-07-03T21:13:20.6070000Z
"h510px audi",2020-07-03T21:13:20.6060000Z
"98jj20",2020-07-03T21:13:20.6060000Z
"8xrj12",2020-07-03T21:13:20.6060000Z
"h833sj",2020-07-03T21:13:20.6050000Z
"h560rg",2020-07-03T21:13:20.5980000Z
"84nsr5",2020-07-01T21:50:29.8310000Z
"sg819z",2020-06-29T21:40:04.6080000Z
"84nsr5",2020-06-29T21:35:05.8250000Z
"pl210h",2020-06-29T18:43:35.3440000Z
"sg819z",2020-06-28T19:55:27.6010000Z
"am6538 rdw",2020-06-28T17:38:06.3610000Z
"am6538",2020-06-28T17:38:00.4550000Z
"gv240v",2020-06-28T09:05:36.9370000Z
"jb229h",2020-06-27T10:40:32.2880000Z
"h587bk",2020-06-27T10:40:18.5700000Z
"h982xn",2020-06-26T19:30:37.9110000Z
"h074zb rdw",2020-06-26T19:28:13.0830000Z
"h074zb",2020-06-26T19:27:51.9200000Z
"84nsr5",2020-06-26T16:42:20.2670000Z
"gh686n",2020-06-22T16:54:01.4500000Z
"gh686n",2020-06-21T21:11:13.9790000Z
"95ndxf autoweek",2020-06-21T18:02:39.3260000Z
"95ndxf",2020-06-21T18:02:22.6620000Z
"h587bk",2020-06-21T15:47:40.5090000Z
"xg929v",2020-06-21T15:47:27.1120000Z
"xg929g",2020-06-21T15:47:15.4550000Z
"g086lr",2020-06-21T15:46:39.0030000Z
"g086rl",2020-06-21T15:46:20.4140000Z
"h560rg",2020-06-21T15:45:52.0890000Z
"7xbz28",2020-06-21T12:39:38.9290000Z
"h833sj",2020-06-20T17:28:32.7470000Z
"8xrj12",2020-06-20T11:08:14.9370000Z
"gh686n",2020-06-19T22:13:02.2940000Z
"84nsr5",2020-06-19T22:02:41.5270000Z
"kd576b",2020-06-19T22:00:18.4320000Z
"kd456b mercedes",2020-06-19T21:59:04.9160000Z
"kd456b",2020-06-19T21:58:57.3850000Z
"h594jb",2020-06-19T13:18:40.6050000Z
"h594gb mercedes",2020-06-19T13:18:12.1980000Z
"gh686n",2020-06-19T12:48:42.6210000Z
"slk200 tuning",2020-06-19T10:04:45.8260000Z
"98jj20",2020-06-18T17:14:11.0160000Z
"h510px audi",2020-06-18T17:13:57.9300000Z
"h510px audi",2020-06-18T16:38:05.9520000Z
"h510px",2020-06-18T16:37:57.3890000Z
"sv789l",2020-06-14T19:46:57.8660000Z
"rm8000 to euro",2020-06-14T16:06:16.9960000Z
"kp766h",2020-06-14T13:46:30.0140000Z
"rz398l",2020-06-11T20:24:16.3790000Z
"zn 928 d",2020-06-11T16:12:08.2790000Z
"xn833D",2020-06-08T16:05:51.5650000Z
"xn813D",2020-06-08T16:05:47.0030000Z
"kv425v",2020-05-25T17:25:15.6960000Z
"85rjsg",2020-05-20T12:08:19.5290000Z
"16 mei",2020-05-16T19:17:06.9600000Z
"Xn598n audi r8 spot",2020-05-14T09:05:45.9000000Z
"Xn598n audi r8",2020-05-14T09:05:31.9290000Z
"1337vr",2020-05-06T18:33:44.7420000Z
"10:00  16:00 CEST",2020-04-30T15:20:57.7280000Z
"84 nsr 5",2020-04-30T13:07:16.4560000Z
"base64 jpg to image python3",2020-02-04T16:23:29.3840000Z
"xr52jv",2019-12-10T15:32:40.2740000Z
"xj585l",2019-10-28T14:29:18.0980000Z
"tz894v",2019-10-11T11:10:21.1220000Z
"xs 283 lamborghini",2019-09-17T12:51:56.7920000Z
"jdk 13 features",2019-06-14T12:58:39.2690000Z
"xv955n",2019-06-11T16:09:00.9060000Z
"pf300j",2019-06-11T16:08:34.0360000Z
"am0656",2019-05-29T13:10:57.1330000Z
"ps58xb",2019-05-29T13:09:52.4580000Z
"rxtg12 rdw",2019-05-29T11:31:28.3660000Z
"rxtg12",2019-05-29T11:31:21.4300000Z
"29zshv",2019-05-01T09:48:35.1960000Z
"ov9292",2019-03-13T12:33:05.7380000Z
"53gkp1",2019-03-07T14:25:34.8570000Z
"pl635f",2019-01-29T12:02:16.8460000Z
"pf635l",2019-01-29T12:01:46.8760000Z
"76ptj3",2019-01-29T11:53:38.0020000Z
"GRSR86",2018-12-06T13:06:59.0710000Z
"£2,000 to euro",2018-11-27T13:26:18.0120000Z
"ng697z",2018-11-20T10:47:52.4570000Z
"tv278t",2018-11-08T18:35:42.6010000Z
"tv278t",2018-11-08T16:22:49.4870000Z
"7sfb61",2018-11-08T11:02:12.3010000Z
"tb599h",2018-11-08T11:01:52.7820000Z
"88yb00",2018-11-08T11:01:31.1840000Z
"26spf4",2018-11-08T11:01:15.0690000Z
"sx445k",2018-11-08T11:00:48.5330000Z
"px 775 s",2018-11-08T10:59:56.7760000Z
"1tvf08",2018-11-08T10:59:37.0230000Z
"nn012g",2018-11-08T10:59:17.9990000Z
"gt848d",2018-11-08T10:59:00.3930000Z
"sv037n",2018-11-08T10:58:43.9560000Z
"59rtn4",2018-11-08T10:58:20.8090000Z
"nd629g",2018-11-08T10:57:52.6070000Z
"nl207v",2018-11-08T10:57:36.2890000Z
"jv057g",2018-11-08T10:56:24.8110000Z
"rb946l",2018-11-08T10:55:39.2990000Z
"hg096d",2018-11-08T10:53:13.4090000Z
"8kdx98 maserati",2018-11-08T10:52:50.8470000Z
"rj316t",2018-11-08T10:52:18.1720000Z
"rs956n",2018-11-08T10:51:18.7790000Z
"sj272h mercedes",2018-11-08T10:50:56.1970000Z
"kj485t",2018-11-08T10:50:13.6710000Z
"17gxp7 ferrari",2018-11-08T10:49:46.1240000Z
"tg172l",2018-11-08T10:47:14.7020000Z
"tg172l autoweek",2018-11-08T10:47:03.7960000Z
"nl207v",2018-11-02T20:27:03.9430000Z
"17gxp7 ferrari",2018-11-01T15:41:24.1960000Z
"0469mz",2018-11-01T12:27:40.9080000Z
"17gxp7",2018-11-01T08:53:23.6110000Z
"sk261v",2018-10-30T11:03:16.1890000Z
"kj485t",2018-10-30T09:10:33.5800000Z
"ks931r",2018-10-28T15:01:09.0670000Z
"ks 931 r",2018-10-28T15:00:52.4950000Z
"kz 931 r mustang",2018-10-28T15:00:24.3730000Z
"kz931r mustang",2018-10-28T15:00:14.7230000Z
"kz931r",2018-10-28T14:17:31.2770000Z
"dl6388",2018-10-28T14:00:02.9100000Z
"sj272h mercedes",2018-10-28T09:32:18.0960000Z
"sj272h mercedes",2018-10-27T21:09:10.4920000Z
"sj272h mercedes",2018-10-27T11:45:57.0760000Z
"sj272h",2018-10-27T11:45:44.1880000Z
"rs956n",2018-10-23T18:21:36.2240000Z
"6sld57",2018-10-23T18:21:25.0050000Z
"rs956n",2018-10-22T17:51:16.1150000Z
"rs956n",2018-10-21T18:10:29.6110000Z
"rs956n",2018-10-21T07:47:07.1810000Z
"rs956n",2018-10-20T12:20:46.7230000Z
"93zrtx",2018-10-19T08:36:02.9830000Z
"93zrtx",2018-10-19T07:39:06.5730000Z
"rj316t",2018-10-18T17:39:12.5600000Z
"5tts11 audi",2018-10-18T15:34:10.0260000Z
"5tts11",2018-10-18T15:34:03.5920000Z
"rj316t",2018-10-18T06:56:48.9540000Z
"8kdx98 maserati",2018-10-18T06:56:17.8320000Z
"8kdx98",2018-10-18T06:56:07.1290000Z
"8ksx98",2018-10-18T06:55:48.9400000Z
"hg096d",2018-10-17T13:14:15.6110000Z
"7sfb61",2018-10-10T17:49:11.2370000Z
"hg096d",2018-10-10T07:35:18.1180000Z
"hg096d auto spot",2018-10-10T07:35:01.5750000Z
"19bk97 rdw",2018-10-09T14:37:50.0830000Z
"19bk97",2018-10-09T14:37:43.1510000Z
"ov9292",2018-10-08T21:58:56.6590000Z
"42xbkg",2018-10-08T06:26:26.6920000Z
"frzj70",2018-10-06T15:38:17.1070000Z
"grzj70",2018-10-06T15:38:05.9820000Z
"47xkbg",2018-10-04T17:51:39.7110000Z
"pz007d",2018-10-04T11:00:18.3280000Z
"47xkbg",2018-10-04T11:00:07.6540000Z
"47xkbg",2018-10-04T07:12:10.5810000Z
"42xkbg",2018-10-04T07:10:56.3020000Z
"nt595g",2018-09-30T18:36:31.0320000Z
"nt 595 g",2018-09-30T15:35:37.3390000Z
"tl250f ford",2018-09-28T18:56:20.4720000Z
"tl250f",2018-09-28T18:56:12.5230000Z
"43gsrh",2018-09-28T07:20:50.8120000Z
"xz77zl spot",2018-09-28T07:18:57.9790000Z
"xz77zl",2018-09-28T07:18:39.4760000Z
"sr245j nissan kenteken",2018-09-27T17:39:42.3000000Z
"sr 245 j nissan kenteken",2018-09-27T17:39:24.9070000Z
"sr 240 j nissan kenteken",2018-09-27T17:38:37.8610000Z
"sr 240 j nissan",2018-09-27T17:38:25.2950000Z
"sr240j nissan",2018-09-27T17:38:13.3640000Z
"sr240j",2018-09-27T17:17:24.9280000Z
"tl047k",2018-09-27T17:17:06.0150000Z
"43gsrh",2018-09-27T17:16:45.2390000Z
"43gsrh",2018-09-26T21:49:41.7160000Z
"43gsrh",2018-09-26T15:39:11.5280000Z
"rb946l",2018-09-26T15:39:00.7690000Z
"59zgp1",2018-09-26T14:08:44.0580000Z
"rb946l",2018-09-26T14:08:12.4500000Z
"sz159p",2018-09-25T17:26:16.9340000Z
"41nldp",2018-09-25T10:50:59.0500000Z
"tnvs94",2018-09-23T16:02:40.4420000Z
"jv057g",2018-09-21T08:43:18.5960000Z
"jv057g",2018-09-20T19:32:07.7340000Z
"jv057g",2018-09-20T15:48:57.8690000Z
"80gzk9",2018-09-18T14:34:04.2420000Z
"jv614t",2018-09-18T11:52:49.2890000Z
"tn157d",2018-09-14T06:56:28.3230000Z
"nl207v",2018-09-13T19:10:14.9150000Z
"nl207v",2018-09-13T16:51:24.0450000Z
"nl207v",2018-09-13T06:23:45.5500000Z
"sk 403 t mercedes",2018-09-12T11:04:57.8120000Z
"sk403t mercedes",2018-09-12T11:04:36.9550000Z
"sk407t mercedes",2018-09-12T11:04:27.1670000Z
"sk407t",2018-09-12T11:04:18.5130000Z
"33nrzl",2018-09-10T08:32:14.8240000Z
"nd629g",2018-09-08T17:40:31.7120000Z
"nd629g",2018-09-08T08:14:29.3980000Z
"nd629g",2018-09-07T19:57:54.9870000Z
"pl867t",2018-09-07T16:29:44.8520000Z
"ov9292",2018-09-06T20:59:57.2500000Z
"nd629g",2018-09-05T17:42:37.5030000Z
"sv732t",2018-09-05T12:45:47.6510000Z
"nd629g",2018-09-05T12:44:35.7580000Z
"nd629g",2018-09-04T19:42:23.9080000Z
"nd629g",2018-09-03T17:27:06.6850000Z
"pfrz31",2018-09-03T14:51:36.5990000Z
"nd629g",2018-09-03T04:55:35.7250000Z
"nd629g",2018-09-02T19:26:31.6890000Z
"nd629g",2018-09-02T10:17:51.4120000Z
"nd629g",2018-09-01T19:40:47.1550000Z
"nd629g",2018-09-01T17:19:29.0250000Z
"nd629g",2018-09-01T13:11:41.7910000Z
"ns629g",2018-09-01T13:11:27.6380000Z
"pb621f kenteken",2018-08-31T18:43:56.7940000Z
"pb621f",2018-08-31T18:43:42.7560000Z
"kd576b",2018-08-30T18:22:26.7200000Z
"17rxp2",2018-08-26T09:54:59.4820000Z
"59rtn4",2018-08-25T19:16:15.6340000Z
"59rtn4",2018-08-25T11:09:43.1520000Z
"sv037n",2018-08-25T09:56:58.3250000Z
"sv037n",2018-08-24T19:11:46.0080000Z
"sv037n",2018-08-24T11:58:08.0050000Z
"sc037n",2018-08-24T11:58:00.4040000Z
"gt848d",2018-08-24T08:31:52.6100000Z
"gt848d",2018-08-23T18:37:21.9320000Z
"gt848d",2018-08-23T06:20:23.4700000Z
"sh960k",2018-08-22T18:00:11.3220000Z
"gt648d",2018-08-21T15:13:32.1410000Z
"nn012g",2018-08-21T08:26:01.3250000Z
"nn012g",2018-08-20T17:10:23.8760000Z
"nn012g",2018-08-20T15:23:35.3330000Z
"nn012g",2018-08-20T06:47:38.1930000Z
"1tvf08",2018-08-20T06:40:09.3350000Z
"1tvf08",2018-08-19T15:23:03.1520000Z
"px 775 s",2018-08-19T14:11:03.6300000Z
"px 775 s",2018-08-19T08:39:30.8750000Z
"kn919j",2018-08-19T08:38:53.0970000Z
"kn919j",2018-08-18T19:50:50.4260000Z
"px 775 s",2018-08-18T19:50:26.1950000Z
"kl350t rdw",2018-08-18T15:41:24.9630000Z
"kl350t",2018-08-18T15:41:18.5510000Z
"3tpb67",2018-08-17T07:30:39.8150000Z
"sx445k",2018-08-16T21:31:58.1650000Z
"37 nxj 2 rdw",2018-08-16T15:41:17.1250000Z
"37nxj2 rdw",2018-08-16T15:41:12.1030000Z
"pg347f",2018-08-16T15:27:20.3170000Z
"37nxj2",2018-08-16T15:10:08.0180000Z
"nn 812 f audi a7 kenteken",2018-08-12T17:13:06.0680000Z
"nn 812 f a7 kenteken",2018-08-12T17:12:54.0690000Z
"nn 912 f a7 kenteken",2018-08-12T17:12:45.5480000Z
"nn 912 f a7",2018-08-12T17:12:35.5300000Z
"nn912f a7",2018-08-12T17:12:23.3910000Z
"nn912f",2018-08-12T17:11:17.5240000Z
"nn812f",2018-08-12T17:11:08.1810000Z
"hs04sj",2018-08-11T12:46:33.2260000Z
"100 iv eevee search string",2018-08-11T09:35:09.5490000Z
"jr565r",2018-08-08T17:57:53.5270000Z
"jr565r",2018-08-08T17:05:14.5550000Z
"sx445k",2018-08-06T16:56:11.8550000Z
"26spf4",2018-08-05T18:30:39.6880000Z
"88yb00",2018-08-04T15:57:26.2570000Z
"tb599h",2018-08-03T14:51:59.3920000Z
"tb599h",2018-08-02T16:01:54.5240000Z
"7sfb61",2018-08-02T12:21:38.6140000Z
"20rbzv",2018-08-01T15:08:09.7250000Z
"7sfb61",2018-07-31T18:25:40.9280000Z
"7sfb61",2018-07-31T15:36:46.3680000Z
"93gn02 rdw",2018-07-31T14:33:44.6360000Z
"93gn02",2018-07-31T14:33:38.6660000Z
"ng043b",2018-07-31T12:45:45.4390000Z
"7znr91",2018-07-30T18:02:44.3780000Z
"ns763f",2018-07-30T18:02:26.0750000Z
"kg809l",2018-07-30T17:59:59.8940000Z
"nv336k",2018-07-30T17:59:44.8000000Z
"rb414v",2018-07-30T17:59:11.6760000Z
"jp167p",2018-07-30T17:58:55.7810000Z
"95kdg7",2018-07-30T17:58:42.0080000Z
"5tvl39",2018-07-30T17:58:24.4190000Z
"8kdj83",2018-07-30T17:58:14.0660000Z
"gg858n",2018-07-30T17:57:33.5280000Z
"kx857x",2018-07-30T17:57:19.1650000Z
"62aj92",2018-07-30T17:57:09.2770000Z
"ar0351",2018-07-30T17:56:56.5150000Z
"ns 765 f ferrari kenteken",2018-07-30T17:56:36.4980000Z
"ns 765 f ferrari",2018-07-30T17:56:19.5750000Z
"hh93tv",2018-07-30T17:55:45.5930000Z
"al2993",2018-07-30T17:54:38.3210000Z
"jv631k",2018-07-30T17:54:20.3580000Z
"sp789h",2018-07-30T17:53:59.4550000Z
"gs450n",2018-07-30T17:53:29.8130000Z
"jl268g",2018-07-30T17:53:07.2590000Z
"gf515r",2018-07-30T17:52:41.3520000Z
"82xbjn",2018-07-30T17:52:36.8770000Z
"pn763s amg mercedes",2018-07-30T17:52:14.0770000Z
"sg066n",2018-07-30T17:51:28.9160000Z
"jd321j",2018-07-27T11:05:06.0370000Z
"tf 947 z kenteken ferrari",2018-07-25T07:56:15.0710000Z
"tf 947 z kenteken maserati",2018-07-25T07:55:48.1700000Z
"tf 947 z kenteken",2018-07-25T07:55:12.1170000Z
"tf 947 z kenteken",2018-07-24T13:46:06.0010000Z
"tf 947 z kenteken",2018-07-24T12:13:26.9700000Z
"tf947z",2018-07-24T12:08:47.2730000Z
"sg066n",2018-07-24T09:52:44.8560000Z
"8kdj83",2018-07-22T19:13:11.2220000Z
"pn 763 s amg",2018-07-22T19:11:29.8900000Z
"pn763s amg",2018-07-22T19:11:19.1080000Z
"pn763s amg",2018-07-21T18:42:06.8420000Z
"pn763s amg",2018-07-21T10:09:53.7950000Z
"82xbjn",2018-07-18T18:53:21.1290000Z
"82xbjn",2018-07-17T17:04:40.9450000Z
"gf515r",2018-07-16T10:04:54.0470000Z
"gf515r",2018-07-15T19:41:29.7130000Z
"jl268g",2018-07-15T13:15:50.7210000Z
"jl268g",2018-07-11T19:16:53.7920000Z
"gs450n",2018-07-11T06:47:44.3330000Z
"sp789h",2018-07-09T20:59:37.2650000Z
"st479f",2018-07-09T20:56:30.8920000Z
"st479f",2018-07-09T16:36:02.3130000Z
"sp789h",2018-07-08T20:03:54.4120000Z
"sp789h",2018-07-07T20:00:56.5900000Z
"sp789h",2018-07-07T18:41:20.9340000Z
"jv631k",2018-07-07T18:40:36.0200000Z
"al2993",2018-07-07T09:45:08.6800000Z
"sl651x",2018-07-05T16:00:20.4710000Z
"sl651k",2018-07-05T16:00:00.8000000Z
"sx317t kenteken",2018-07-04T19:27:07.5840000Z
"sx317t",2018-07-04T19:26:54.9960000Z
"ar0351",2018-07-04T17:56:55.1810000Z
"62aj92",2018-07-04T05:53:41.4650000Z
"al8969",2018-07-02T16:51:15.5590000Z
"ae1011 kenteken",2018-07-02T16:51:00.1780000Z
"ae1011 kenteken",2018-07-02T11:14:19.3100000Z
"ae1011",2018-07-02T11:14:08.9300000Z
"hh93tv",2018-07-01T21:45:12.8160000Z
"hh93tv",2018-06-30T17:14:34.3270000Z
"hh93tv",2018-06-28T19:38:30.6310000Z
"ns763f",2018-06-28T19:30:24.7640000Z
"ns 765 f ferrari",2018-06-28T19:29:58.8420000Z
"ns765f ferrari",2018-06-28T19:29:49.5920000Z
"ns765f",2018-06-28T19:29:42.6130000Z
"ar0351",2018-06-28T19:28:36.5160000Z
"62aj92",2018-06-28T19:27:45.4150000Z
"97pjnx",2018-06-28T19:11:20.6280000Z
"gg858n",2018-06-28T16:43:36.6950000Z
"gg858n",2018-06-28T15:51:50.4840000Z
"2zlb08",2018-06-28T13:54:06.6260000Z
"kx857x",2018-06-23T13:26:29.7540000Z
"hv147h",2018-06-22T13:04:11.2060000Z
"67rzjv",2018-06-21T19:48:35.9650000Z
"72khh5",2018-06-21T19:48:02.1630000Z
"76rzjv",2018-06-21T19:40:10.2420000Z
"72lhh5",2018-06-21T19:31:35.5530000Z
"nt381b",2018-06-20T19:49:20.7810000Z
"8kdj83",2018-06-20T19:47:31.3270000Z
"5tvl39",2018-06-20T17:32:28.4820000Z
"5tvl39",2018-06-20T07:24:15.2800000Z
"95kdg7",2018-06-15T16:56:00.8390000Z
"jp167p",2018-06-15T16:53:19.5020000Z
"rb414v",2018-06-15T16:53:11.8950000Z
"rb414v",2018-06-15T10:49:55.2960000Z
"gf277f",2018-06-14T18:50:29.7760000Z
"kg809l",2018-06-11T06:16:25.4420000Z
"nv336k",2018-06-11T06:16:22.0660000Z
"kg809l",2018-06-10T11:08:43.5160000Z
"sb 261 j mercedes",2018-06-10T11:08:28.4690000Z
"sb261j mercedes",2018-06-10T11:08:12.4030000Z
"sb261j",2018-06-10T11:08:01.8640000Z
"sb261j",2018-06-10T09:02:49.5750000Z
"kg809l",2018-06-09T10:38:52.4000000Z
"sh900g",2018-06-06T19:19:32.8200000Z
"rb088j",2018-06-06T17:43:55.7280000Z
"sp747d rdw",2018-05-31T18:28:33.6750000Z
"sp747d",2018-05-31T18:28:26.7560000Z
"nv336k",2018-05-28T08:00:21.4930000Z
"43xxjz",2018-05-26T19:40:19.3570000Z
"ng191l",2018-05-26T19:39:08.0680000Z
"59zpv8",2018-05-25T13:51:22.8500000Z
"84xth6",2018-05-24T11:22:18.4540000Z
"nv336k",2018-05-23T19:14:23.2110000Z
"nv336k",2018-05-22T18:56:54.6230000Z
"nv336k",2018-05-21T17:25:16.2700000Z
"100 iv charmander search",2018-05-19T10:26:11.4530000Z
"100 iv charmander",2018-05-19T10:25:54.9520000Z
"ns763f",2018-05-18T11:09:35.5140000Z
"ns763f",2018-05-17T20:38:00.9240000Z
"ns763f",2018-05-17T17:38:14.2700000Z
"ns763f",2018-05-17T05:40:03.1040000Z
"ns763f",2018-05-16T21:34:26.6310000Z
"ns763f",2018-05-16T19:26:56.7770000Z
"ns763f",2018-05-15T16:59:49.7390000Z
"ns763f",2018-05-15T13:28:25.0820000Z
"7znr91",2018-05-14T10:32:49.0780000Z
"7znr91",2018-05-13T21:56:44.7860000Z
"7znr91",2018-05-13T12:06:53.2830000Z
"7znr91",2018-05-12T09:05:45.8910000Z
"7znr91",2018-05-11T12:48:30.0840000Z
"7znr91",2018-05-10T14:12:47.7480000Z
"7znr91",2018-05-10T10:03:04.2280000Z
"7znr91",2018-05-09T20:38:09.6810000Z
"7znr91",2018-05-09T11:57:31.0710000Z
"pd883l autoweek",2018-05-08T12:59:58.0860000Z
"pd883l",2018-05-08T12:48:33.7900000Z
"84nsr5",2018-05-03T18:03:56.8660000Z
"sg303v",2018-04-27T15:12:12.2030000Z
"86gnzx",2018-04-25T18:02:50.2900000Z
"kn280b",2018-04-25T18:02:28.2760000Z
"ng736s",2018-04-25T18:02:08.9060000Z
"pb194t",2018-04-25T18:02:00.6240000Z
"63jsr2",2018-04-25T18:01:41.1740000Z
"rt160h",2018-04-25T18:01:23.2800000Z
"gd894z",2018-04-25T18:01:05.8370000Z
"rb519b",2018-04-25T18:00:52.4760000Z
"2sbg28 civic",2018-04-25T18:00:08.9760000Z
"ah7462",2018-04-25T18:00:00.5340000Z
"pv300f",2018-04-25T17:55:52.8800000Z
"42dnnx",2018-04-25T17:54:26.6990000Z
"3kbt18",2018-04-25T17:53:22.8340000Z
"pd287v",2018-04-25T17:50:55.3530000Z
"8zsv70",2018-04-25T17:50:38.9490000Z
"22tjt6",2018-04-25T10:34:34.5440000Z
"71rzd2",2018-04-25T07:48:31.4350000Z
"44zdz6",2018-04-23T07:07:22.1250000Z
"44zdz4",2018-04-23T07:05:16.3170000Z
"al1593 royce",2018-04-21T13:19:41.2530000Z
"al1593",2018-04-21T13:19:26.7440000Z
"pd287v",2018-04-21T08:05:14.6470000Z
"pd287v",2018-04-20T12:32:36.3560000Z
"pd287v",2018-04-20T05:53:05.4510000Z
"pd287v",2018-04-19T17:33:25.5560000Z
"np119s",2018-04-19T16:55:32.2140000Z
"8zsv70",2018-04-19T13:58:08.7360000Z
"100 iv mareep search",2018-04-15T10:08:41.1980000Z
"pf571d",2018-04-14T11:10:06.8890000Z
"nx121y rdw",2018-04-12T16:44:02.5020000Z
"nx121y ferrari",2018-04-12T16:43:49.8780000Z
"nx121y",2018-04-12T16:43:41.2860000Z
"36jrxg",2018-04-10T16:11:54.3300000Z
"15zgz6",2018-04-10T16:11:42.0480000Z
"pv300f",2018-04-10T12:20:32.4680000Z
"bus 36 den haag",2018-04-09T21:17:42.1410000Z
"ov9292",2018-04-09T21:02:53.9710000Z
"rs150z",2018-04-09T20:23:33.8310000Z
"rl362z",2018-04-09T18:09:18.8510000Z
"pz036x",2018-04-09T11:21:34.3300000Z
"pl509r",2018-04-07T14:15:23.2050000Z
"pl009b bmw",2018-04-06T20:52:51.0810000Z
"pl009b",2018-04-06T20:52:43.9650000Z
"3kbt18",2018-04-06T18:30:48.6440000Z
"ov9292",2018-04-05T05:14:02.8030000Z
"ov9292",2018-04-03T20:30:13.0000000Z
"nr705v",2018-04-01T16:11:16.8800000Z
"rs548l",2018-03-31T14:16:31.7980000Z
"42dnnx",2018-03-31T14:16:19.4730000Z
"js274r",2018-03-31T14:14:56.4330000Z
"rb519b",2018-03-30T08:41:07.1000000Z
"rb159b",2018-03-30T08:40:57.7110000Z
"rggt42",2018-03-28T17:52:18.8470000Z
"dz1252 kenteken",2018-03-27T08:45:53.8110000Z
"dz1252 rdw",2018-03-27T08:45:43.5140000Z
"dz1252",2018-03-27T08:45:35.4220000Z
"pv300f",2018-03-27T07:19:20.8520000Z
"pv300f",2018-03-26T17:58:25.6040000Z
"pv300f",2018-03-26T16:47:45.9780000Z
"5skg93 toyota",2018-03-24T14:14:00.1600000Z
"5skg93",2018-03-24T14:13:53.0860000Z
"ah7462",2018-03-24T14:13:35.7460000Z
"2sbg28 civic",2018-03-24T09:42:18.0610000Z
"2sbg28 civic",2018-03-24T09:00:50.0610000Z
"2sbg28 civic",2018-03-23T23:09:29.2930000Z
"2sbg28 civic",2018-03-23T19:07:23.8980000Z
"2sbg28 civic",2018-03-22T22:41:12.1730000Z
"2sbg28 civic",2018-03-22T19:31:48.3900000Z
"2sbg28 civic",2018-03-22T18:38:50.1500000Z
"2sbg28 civic",2018-03-22T08:03:48.9560000Z
"2sbg28 civic",2018-03-21T21:51:26.1430000Z
"2sbg28 civic",2018-03-21T18:47:15.1300000Z
"2sbg28 civic",2018-03-21T13:17:38.5310000Z
"pr804z audi",2018-03-21T13:07:06.6660000Z
"pr804z",2018-03-21T13:06:55.9800000Z
"2sbg28 civic",2018-03-20T23:05:22.7250000Z
"4tvl50 autoweek",2018-03-20T17:47:33.5710000Z
"4tvl50 rdw",2018-03-20T17:46:04.7050000Z
"4tvl50 11 seconde",2018-03-20T17:45:54.2810000Z
"4tvl50 ""100""",2018-03-20T17:45:43.7430000Z
"4tvl50 ""0100""",2018-03-20T17:45:39.9840000Z
"4tvl50 0100",2018-03-20T17:45:35.5930000Z
"4tvl50",2018-03-20T17:44:37.2060000Z
"9tvl50",2018-03-20T17:44:05.9810000Z
"9tvl40",2018-03-20T17:43:58.0570000Z
"40tvl5",2018-03-20T17:43:34.2370000Z
"2sbg28 civic",2018-03-20T15:43:38.9020000Z
"rn309h",2018-03-19T18:17:29.2510000Z
"2sbg28 civic",2018-03-18T11:21:23.2100000Z
"2s g28",2018-03-18T11:19:13.6600000Z
"rt340f",2018-03-16T21:46:38.3840000Z
"kl 350 t rdw",2018-03-14T15:11:21.5470000Z
"kl350t rdw",2018-03-14T15:11:12.9500000Z
"kl350t",2018-03-14T15:11:04.5170000Z
"hx743b",2018-03-14T13:50:30.2520000Z
"rd974b",2018-03-12T16:53:07.0340000Z
"java10",2018-03-12T09:25:24.3430000Z
"86gnzx",2018-03-11T22:19:51.9460000Z
"rb159b",2018-03-09T16:21:46.3350000Z
"rb159b",2018-03-08T19:06:20.7590000Z
"SN 636 X 08 IE IQ300",2018-03-08T16:37:47.5990000Z
"SN 636 X 08 IE IQ300",2018-03-08T16:17:52.5590000Z
"rb159b",2018-03-08T14:05:26.5790000Z
"gd894z",2018-03-07T23:28:44.5570000Z
"gd894z",2018-03-06T11:50:28.8550000Z
"gd894z",2018-03-05T23:26:59.1880000Z
"8xdh10",2018-03-05T21:07:23.3430000Z
"8xhd10",2018-03-05T21:07:07.8910000Z
"gd894z",2018-03-05T11:57:19.3260000Z
"jv128z",2018-03-05T11:56:28.9520000Z
"63jsr2",2018-03-04T09:10:33.8470000Z
"s9gt1b onderdelen",2018-03-01T20:28:37.9930000Z
"86gnzx",2018-02-26T06:19:43.5200000Z
"rt160h",2018-02-24T14:19:32.1390000Z
"63jsr2",2018-02-24T14:11:06.3870000Z
"86gnzx",2018-02-24T00:37:37.8830000Z
"pb194t",2018-02-23T21:19:40.4160000Z
"pb194t",2018-02-22T19:00:43.8480000Z
"pb194t",2018-02-22T11:40:14.9420000Z
"ng736s",2018-02-21T20:49:54.0140000Z
"ng736s",2018-02-20T17:20:44.7580000Z
"kn280b",2018-02-18T13:34:58.7960000Z
"17rxp2",2018-02-17T11:28:19.7630000Z
"86gnzx",2018-02-14T17:47:50.5780000Z
"4tvl50",2018-02-13T11:38:16.4540000Z
"nl432x",2018-02-07T15:31:08.2740000Z
"jt176d",2018-01-30T12:13:17.1200000Z
"pf631r",2018-01-27T15:20:04.4270000Z
"ng082g",2018-01-27T15:19:25.1370000Z
"ng082g mercedes",2018-01-27T15:19:08.0840000Z
"kh567p",2018-01-27T15:18:15.6110000Z
"8kdj83",2018-01-27T15:17:28.4730000Z
"jr533p",2018-01-27T15:17:05.2390000Z
"pb402s",2018-01-27T15:16:48.9090000Z
"2zrt30",2018-01-23T11:52:50.7600000Z
"pb402s",2018-01-17T22:02:15.0360000Z
"pb402s",2018-01-17T18:49:51.5140000Z
"log4j2",2018-01-17T17:01:06.8470000Z
"pb402s",2018-01-16T20:13:48.9320000Z
"pb402s",2018-01-14T19:40:31.3150000Z
"pb402s",2018-01-14T16:42:53.1300000Z
"pb619d",2018-01-14T16:11:00.2070000Z
"pb402s",2018-01-14T14:44:47.9870000Z
"jr533p",2018-01-14T13:22:18.8960000Z
"jr533p",2018-01-13T21:21:45.6690000Z
"7.5.17",2018-01-11T10:57:58.5100000Z
"8kdj83",2018-01-10T16:18:33.0970000Z
"ng082g mercedes",2018-01-10T12:03:53.9510000Z
"ng082g mercedes",2018-01-09T20:25:06.9260000Z
"ng082g",2018-01-09T20:24:58.0290000Z
"kh567p",2018-01-09T13:19:54.4100000Z
"kh567p",2018-01-08T17:25:29.4040000Z
"rf846r",2018-01-07T14:13:38.9100000Z
"ov9292",2018-01-04T14:18:40.3430000Z
"jr482j",2018-01-03T20:50:20.4820000Z
"gla 45 amg",2018-01-02T18:55:45.0790000Z
"np408z",2018-01-02T18:48:24.9390000Z
"np408z",2018-01-01T19:02:52.9710000Z
"np408z",2018-01-01T01:51:49.1320000Z
"np408z",2018-01-01T00:31:47.8740000Z
"pf631r",2017-12-29T18:11:28.5610000Z
"pf631r",2017-12-28T17:30:12.1930000Z
"ht690x",2017-12-27T19:39:51.1020000Z
"rd 997 n audi",2017-12-27T19:39:11.3370000Z
"rd997n audi",2017-12-27T19:38:31.0050000Z
"rd997n audi kenteken",2017-12-27T19:38:18.1400000Z
"73trd5",2017-12-27T19:38:01.1850000Z
"nd 339 bmw",2017-12-27T19:36:57.7730000Z
"84jjs3 bentley kenteken",2017-12-27T19:36:06.7030000Z
"ph996n",2017-12-27T19:35:24.7060000Z
"19zgvh",2017-12-27T19:34:52.1890000Z
"nd607f",2017-12-27T19:34:35.2350000Z
"pn898p",2017-12-27T19:33:43.7750000Z
"pg296d",2017-12-27T19:33:19.7500000Z
"hp121j",2017-12-27T19:33:01.4740000Z
"kd537p",2017-12-27T19:32:41.7190000Z
"50ktf5",2017-12-27T19:32:25.3580000Z
"hj324s",2017-12-27T19:32:06.4100000Z
"28xsv2",2017-12-27T19:31:48.4560000Z
"8znk27",2017-12-27T19:30:46.0280000Z
"nt248j",2017-12-27T19:30:09.0110000Z
"8znk27",2017-12-23T09:44:26.3210000Z
"nx259x",2017-12-23T09:43:53.0850000Z
"nx249x",2017-12-23T09:43:36.2340000Z
"nx294x",2017-12-23T09:43:18.3530000Z
"nx 294 x honda rdw",2017-12-23T09:43:03.9150000Z
"nx 249 x honda rdw",2017-12-23T09:42:42.2910000Z
"nx 249 x honda",2017-12-23T09:42:24.7310000Z
"nx249x honda",2017-12-23T09:38:43.5680000Z
"nx249x honda",2017-12-22T21:48:37.4000000Z
"8znk27",2017-12-22T18:51:22.9910000Z
"nt248j",2017-12-20T16:55:23.5820000Z
"nt248j",2017-12-19T14:10:43.0620000Z
"nt248j",2017-12-18T09:30:19.0810000Z
"28xsv2",2017-12-10T14:05:38.5760000Z
"28xsv2",2017-12-09T13:56:30.8110000Z
"hj324s",2017-12-08T11:41:23.4490000Z
"50ktf5",2017-12-07T17:53:17.1110000Z
"kd537p",2017-12-07T11:32:26.7170000Z
"hp121j",2017-12-04T16:04:33.3860000Z
"pg296d",2017-12-03T12:55:09.4040000Z
"pg296d",2017-12-02T13:12:44.7850000Z
"pg296d",2017-12-01T08:41:48.0020000Z
"ph996n",2017-11-24T23:08:44.9020000Z
"rd997n audi kenteken",2017-11-24T23:08:05.0780000Z
"73trd5",2017-11-24T23:07:54.8170000Z
"19zgvh",2017-11-24T23:07:42.9410000Z
"pn898p",2017-11-24T08:26:42.6270000Z
"pn898p",2017-11-22T21:23:14.2430000Z
"pn898p",2017-11-22T08:32:14.0130000Z
"pk132l rdw",2017-11-20T19:02:21.6210000Z
"pk132l",2017-11-20T19:00:56.8320000Z
"nd607f",2017-11-17T23:47:49.3940000Z
"nd607f",2017-11-17T18:53:28.3820000Z
"19zgvh",2017-11-16T12:30:54.0790000Z
"ph996n",2017-11-15T09:20:56.4600000Z
"nd 339 bmw",2017-11-13T18:33:20.8760000Z
"nd339f",2017-11-13T18:30:43.6300000Z
"rd997n audi kenteken",2017-11-08T14:42:17.4280000Z
"41hgv7",2017-11-08T12:19:36.3800000Z
"73trd5",2017-11-05T19:58:20.7540000Z
"rd997n audi kenteken",2017-11-05T15:41:48.2140000Z
"rd997n audi",2017-11-05T15:41:32.5340000Z
"rd997n",2017-11-05T15:41:16.0670000Z
"ht690x",2017-11-04T12:32:21.6560000Z
"nt104n",2017-11-03T20:00:29.6420000Z
"nr127k",2017-11-03T20:00:08.7220000Z
"pt874t",2017-11-03T19:59:28.7550000Z
"60 xxd 4",2017-11-03T19:59:01.0350000Z
"60xxd4",2017-11-03T19:58:36.5510000Z
"pk353p",2017-11-03T19:57:41.1280000Z
"nl411v",2017-11-03T19:56:27.0350000Z
"62srs4",2017-11-03T19:45:38.8620000Z
"33nrzl",2017-11-03T19:44:21.8900000Z
"nh283p",2017-11-03T19:42:56.4560000Z
"kh405l",2017-11-03T18:12:14.3630000Z
"nh283p",2017-11-02T16:40:50.1170000Z
"33nrzl",2017-10-31T18:53:39.2040000Z
"33nrzl",2017-10-30T18:29:33.9900000Z
"33nrzl",2017-10-29T15:05:15.0750000Z
"73tkf2",2017-10-26T15:34:00.3430000Z
"nz 679 x bentley",2017-10-23T09:05:29.3690000Z
"nz679x",2017-10-23T09:05:07.6520000Z
"nz697x",2017-10-23T08:34:16.4550000Z
"62srs4",2017-10-21T20:37:35.4960000Z
"62srs4",2017-10-20T18:17:30.0670000Z
"62srs4",2017-10-19T14:26:17.2750000Z
"62srs4 m5",2017-10-19T14:26:11.9750000Z
"8kzk77",2017-10-18T16:55:46.9080000Z
"14jtvk",2017-10-18T16:41:41.8210000Z
"nl411v",2017-10-18T10:12:10.4350000Z
"nl 414 v lamborghini",2017-10-18T10:11:45.3870000Z
"pv228p",2017-10-15T18:01:02.0510000Z
"13gzzd",2017-10-15T13:22:35.2520000Z
"13gzxd",2017-10-15T13:21:29.2780000Z
"pk353p",2017-10-14T16:09:51.9400000Z
"pl353p",2017-10-14T16:09:44.4440000Z
"05zfts",2017-10-13T17:11:13.0420000Z
"60xxd4",2017-10-13T10:29:38.2870000Z
"pt874t",2017-10-13T08:21:36.8820000Z
"nb890v",2017-10-13T08:02:30.4370000Z
"nb890g",2017-10-13T08:02:17.3890000Z
"nr127k",2017-10-11T11:40:44.9420000Z
"nt104n",2017-10-11T11:14:06.6080000Z
"hf987p",2017-10-11T10:53:23.3390000Z
"5zgn41",2017-10-06T13:01:38.9600000Z
"gz722j",2017-09-30T16:25:01.3640000Z
"sprf46",2017-09-30T16:24:17.9230000Z
"22lrsz",2017-09-30T16:22:48.0960000Z
"nz655k",2017-09-30T16:20:20.1130000Z
"jf414b",2017-09-30T16:19:21.3770000Z
"46rl04",2017-09-30T16:18:52.9440000Z
"96jjr5",2017-09-30T16:18:34.1530000Z
"gz722j",2017-09-29T07:27:03.1890000Z
"barn46",2017-09-24T15:40:09.2840000Z
"3sfs37",2017-09-24T11:04:56.4030000Z
"96jjr5",2017-09-22T16:37:11.0610000Z
"sprf46",2017-09-21T08:08:55.9630000Z
"sprf46",2017-09-20T17:20:00.0500000Z
"93pxv9",2017-09-20T10:03:16.7430000Z
"92pxv3",2017-09-20T10:03:00.7180000Z
"ddrv28",2017-09-19T12:34:10.8810000Z
"gs894z",2017-09-16T16:55:32.1710000Z
"ga894z",2017-09-16T16:55:22.6650000Z
"ov9292",2017-09-16T12:16:30.9470000Z
"jz763t",2017-09-15T20:23:53.6370000Z
"22lrsz",2017-09-15T12:23:46.3580000Z
"22lrsz",2017-09-15T11:23:38.6990000Z
"jf414b",2017-09-14T13:17:33.2700000Z
"gp141t",2017-09-14T10:07:57.9570000Z
"50fm89 rdw",2017-09-13T14:14:51.7270000Z
"50fm80 rdw",2017-09-13T14:14:37.9690000Z
"50fm80",2017-09-13T14:14:25.1180000Z
"nx020z",2017-09-12T14:20:44.8950000Z
"pn 726 h panamera",2017-09-10T21:58:59.7010000Z
"pn 726 h",2017-09-10T21:56:43.5970000Z
"pn 726 h porsche",2017-09-10T21:56:22.4110000Z
"pn726h",2017-09-10T20:04:58.3010000Z
"rtsv99",2017-09-08T12:47:39.9620000Z
"nh283p",2017-09-05T19:35:19.3910000Z
"nz655k",2017-09-03T17:14:53.3130000Z
"nt186r",2017-09-01T08:08:43.6280000Z
"jf414b",2017-08-31T10:03:23.9570000Z
"46rl04",2017-08-27T09:24:26.4500000Z
"46rl04",2017-08-26T18:29:31.7410000Z
"67rzjv",2017-08-24T19:10:31.8030000Z
"96jjr5",2017-08-24T14:51:34.5310000Z
"pd125k",2017-08-23T18:02:44.8150000Z
"96jjr5",2017-08-23T18:02:20.5390000Z
"96jjr5",2017-08-21T22:06:31.1830000Z
"96jjr5",2017-08-21T16:47:17.7270000Z
"ng344j",2017-08-20T15:08:22.5150000Z
"83nzg8",2017-08-20T14:02:03.0340000Z
"06zbn6",2017-08-18T12:02:43.9080000Z
"jz745x",2017-08-13T16:57:28.0640000Z
"3ztx43",2017-08-09T17:23:17.2390000Z
"30rngk mitsubishi",2017-08-07T17:50:00.8710000Z
"30rngk rdw",2017-08-07T17:49:46.5160000Z
"30rngk",2017-08-07T17:49:27.7150000Z
"80zrz5",2017-08-07T17:48:43.4560000Z
"80zkr5",2017-08-07T17:48:09.4300000Z
"pj932j",2017-08-06T19:16:14.1540000Z
"jb052p",2017-08-03T18:38:16.2430000Z
"prdt89",2017-08-03T18:37:58.7750000Z
"04trt6",2017-08-03T18:37:40.7060000Z
"nv895f",2017-08-03T18:37:21.4880000Z
"67rzjv",2017-08-03T18:37:02.6050000Z
"kv690k",2017-08-03T18:36:45.8330000Z
"90jlv5",2017-08-03T18:36:20.9750000Z
"85shzj",2017-08-03T18:35:41.1110000Z
"pf581x",2017-08-03T18:34:54.4700000Z
"93xbv2",2017-08-03T18:34:38.8050000Z
"ht966h",2017-08-03T18:34:15.1530000Z
"f12man autogespot",2017-08-03T18:34:12.0130000Z
"nx 030 r a45 amg kenteken",2017-08-03T18:33:43.5500000Z
"jk131f",2017-08-03T18:32:48.5370000Z
"kx092r",2017-08-03T18:32:23.3240000Z
"dz3436",2017-08-03T18:32:01.7810000Z
"nd 020 z mw",2017-08-03T18:31:41.5000000Z
"nt951t",2017-08-03T18:31:24.7540000Z
"8zsv70",2017-08-03T18:31:07.9710000Z
"jr551b",2017-08-03T18:30:52.2840000Z
"23xvt4",2017-07-27T19:36:37.9750000Z
"pk136l rdw",2017-07-25T08:08:16.7480000Z
"pk136l",2017-07-25T08:08:08.0470000Z
"jb229h",2017-07-24T17:00:25.7940000Z
"jb052p",2017-07-23T19:02:05.8240000Z
"94rjtv",2017-07-21T18:20:49.4080000Z
"prdt89",2017-07-21T17:31:24.4650000Z
"80zrz5 autoweek",2017-07-21T16:48:33.6380000Z
"80zrz5",2017-07-21T16:46:31.4750000Z
"04trt6",2017-07-21T16:00:22.3180000Z
"nv895f",2017-07-20T19:58:33.0720000Z
"67rzjv",2017-07-19T17:05:49.6320000Z
"85shzj",2017-07-17T18:51:27.7620000Z
"67rzjv",2017-07-17T18:45:51.8400000Z
"67 rdw ferrari",2017-07-17T18:41:22.1720000Z
"kv690k",2017-07-17T14:28:14.4540000Z
"90jlv5",2017-07-14T14:19:10.7020000Z
"nf338k",2017-07-14T13:51:40.8730000Z
"85shzj",2017-07-12T22:51:20.0830000Z
"93xbv2",2017-07-11T18:07:13.6470000Z
"pf888l",2017-07-10T18:57:50.1590000Z
"85shzj",2017-07-10T11:46:05.3030000Z
"96 xhr 6 nissan gtr",2017-07-09T20:10:01.3880000Z
"pf581x",2017-07-09T09:22:27.4940000Z
"93xbv2",2017-07-09T09:09:10.9670000Z
"ht966h",2017-07-07T08:31:31.5070000Z
"jh724g",2017-07-02T18:02:58.4260000Z
"f12man autogespot",2017-07-02T15:25:40.1350000Z
"f12man ferrari",2017-07-02T15:25:00.0360000Z
"f12man",2017-07-02T15:24:32.5610000Z
"nx 030 r a45 amg kenteken",2017-06-30T19:30:50.2220000Z
"nx 030 r a45",2017-06-30T19:30:30.8090000Z
"nx030r a45",2017-06-30T19:30:18.5420000Z
"nx030r a45",2017-06-30T10:56:28.8690000Z
"nx030r",2017-06-30T10:56:21.2590000Z
"82xgrf",2017-06-29T19:52:28.5260000Z
"ph700k rdw",2017-06-29T19:49:25.3770000Z
"ph700k",2017-06-29T19:49:19.6940000Z
"jr551b",2017-06-29T14:13:04.7190000Z
"jk131f",2017-06-28T07:48:27.1010000Z
"jk131f",2017-06-27T07:59:07.7490000Z
"kx092r",2017-06-26T08:58:17.8800000Z
"dz3436",2017-06-25T17:17:46.8470000Z
"nd 020 z mw",2017-06-23T16:36:14.5840000Z
"nt951t",2017-06-23T11:10:24.8520000Z
"8zsv70",2017-06-18T18:15:39.8650000Z
"jr551b",2017-06-18T18:13:21.2110000Z
"nl 411 v",2017-06-17T08:27:17.8860000Z
"l00ckd kenteken",2017-06-17T08:26:24.3850000Z
"ng605d",2017-06-17T08:26:03.9910000Z
"81ndh4",2017-06-17T08:25:47.3140000Z
"nj491f",2017-06-17T08:25:27.7240000Z
"7zsj31",2017-06-17T08:25:11.2990000Z
"kp055j",2017-06-17T08:24:52.6930000Z
"5xjk28",2017-06-16T22:51:24.0540000Z
"5xjk28",2017-06-16T17:04:11.6140000Z
"kf991b",2017-06-16T15:26:37.8220000Z
"03zghk",2017-06-14T18:17:01.3140000Z
"90 xvl mercedes cls amg",2017-06-13T19:27:57.9400000Z
"90 xvl mercedes cls",2017-06-13T19:27:27.2830000Z
"90 xvl mercedes",2017-06-13T19:27:15.8750000Z
"nl 411 v",2017-06-11T15:10:32.1400000Z
"nl 411 v maserati",2017-06-11T15:10:00.1420000Z
"09xdbn",2017-06-09T15:14:28.4520000Z
"l00ckd kenteken",2017-06-08T16:21:23.0630000Z
"hf987p",2017-06-08T13:16:20.3460000Z
"2671xg marketing medewerker",2017-06-05T20:54:11.1480000Z
"ng605d",2017-06-03T11:01:20.6750000Z
"nh 749 l mercedes cls shooting kenteken",2017-05-28T21:59:39.9300000Z
"nh 749 l mercedes kenteken",2017-05-28T21:58:28.1770000Z
"nh749l mercedes kenteken",2017-05-28T21:58:11.6370000Z
"nh740l mercedes kenteken",2017-05-28T21:57:04.5430000Z
"nh740l mercedes",2017-05-28T21:56:48.4840000Z
"nh740l",2017-05-28T21:56:40.6210000Z
"ng605d",2017-05-26T14:32:34.4290000Z
"81ndh4",2017-05-23T11:46:13.4420000Z
"nj491f",2017-05-22T18:06:13.6240000Z
"7zsj31",2017-05-22T17:13:46.3990000Z
"kp055j",2017-05-22T08:27:42.2480000Z
"17rbzx",2017-05-11T18:24:44.3840000Z
"kp 766 h",2017-05-11T18:24:22.2980000Z
"np954t",2017-05-11T18:23:12.9600000Z
"jh511t",2017-05-11T18:22:33.8570000Z
"gf277f",2017-05-11T18:22:16.3160000Z
"kx092r",2017-05-11T18:21:56.9310000Z
"85svr7",2017-05-11T18:20:44.8170000Z
"gg108k",2017-05-11T18:20:28.0760000Z
"hd 963 p i8",2017-05-11T18:19:58.2690000Z
"nj789b",2017-05-11T18:19:40.1470000Z
"3zrz64",2017-05-11T18:19:23.0570000Z
"02 pbf 2 audi r8",2017-05-11T18:18:59.6320000Z
"jk451g",2017-05-11T18:15:25.9060000Z
"gt186g",2017-05-11T18:15:09.0090000Z
"9kjl99",2017-05-11T18:14:51.5040000Z
"54 tns 21 aston martin",2017-05-10T07:49:36.1160000Z
"54 tns 21 aston",2017-05-10T07:49:28.1180000Z
"hd698l",2017-05-09T07:53:00.5140000Z
"17rbzx",2017-05-08T18:10:03.5020000Z
"17rbzx",2017-05-07T17:41:28.9310000Z
"kp 766 h",2017-05-06T15:38:38.7310000Z
"32zkpf",2017-05-06T15:36:20.6820000Z
"np954t",2017-05-06T11:14:37.0430000Z
"40phz8",2017-05-06T10:49:27.7710000Z
"gg108k",2017-05-05T06:48:50.8330000Z
"jh511t",2017-05-03T19:50:06.9160000Z
"jh511t",2017-04-30T09:55:34.0350000Z
"gf277f",2017-04-29T14:55:17.1050000Z
"kx092r",2017-04-29T14:54:15.9470000Z
"nn697l",2017-04-29T14:06:57.6930000Z
"9953pw",2017-04-27T21:01:01.6230000Z
"nj295s",2017-04-27T17:59:13.5630000Z
"85svr7",2017-04-27T17:50:44.1610000Z
"gg108k",2017-04-27T17:43:16.2690000Z
"02 pbf 2",2017-04-26T11:54:26.7330000Z
"02 prf 2",2017-04-26T11:54:20.4950000Z
"02prf2",2017-04-26T11:53:23.1740000Z
"hx743b",2017-04-26T11:51:56.4610000Z
"hd 963 p i8",2017-04-21T17:00:19.4760000Z
"hd 963 p",2017-04-21T16:59:52.2770000Z
"nj789b",2017-04-20T08:51:05.0550000Z
"3zrz64",2017-04-20T08:26:19.2890000Z
"kh674l",2017-04-18T08:06:44.6860000Z
"02 pbf 2 audi r8",2017-04-17T18:15:55.9670000Z
"02 prf 2 audi r8",2017-04-17T18:15:47.6280000Z
"cp2012 usb uart bridge arduino mac",2017-04-16T17:55:21.5940000Z
"cp2012 usb uart bridge arduino max",2017-04-16T17:55:16.4270000Z
"jk451g",2017-04-13T17:22:30.4570000Z
"gt186g",2017-04-13T09:19:30.6870000Z
"9kjl99",2017-04-13T08:50:36.0880000Z
"jh531t",2017-04-08T14:35:58.9750000Z
"10rltz nissan",2017-04-08T10:46:00.4270000Z
"10rltz",2017-04-08T10:45:40.7020000Z
"8kjk53",2017-04-06T14:26:02.2250000Z
"hs625l",2017-04-04T12:18:14.8010000Z
"jv086n",2017-04-04T12:17:05.4590000Z
"kg735d",2017-04-04T12:16:22.7630000Z
"54gsj7",2017-04-04T12:15:57.3700000Z
"68rtvr",2017-04-04T12:15:36.1200000Z
"06znb6 bmw1m",2017-04-04T12:15:10.4220000Z
"94rjtv",2017-04-04T12:14:27.6510000Z
"gs 488 ferrari",2017-04-04T12:13:42.2550000Z
"nk293k kenteken",2017-04-04T12:13:20.8100000Z
"np954t kenteken",2017-04-04T12:12:45.9790000Z
"39zbl1",2017-04-04T12:12:20.9890000Z
"kj814x",2017-04-04T12:11:44.1780000Z
"ng430p",2017-04-04T12:11:26.6960000Z
"xp522j audi",2017-04-04T12:11:09.1680000Z
"kg809l",2017-04-04T11:34:20.0900000Z
"13tltl",2017-04-04T09:01:00.8570000Z
"gf556r",2017-04-03T18:18:36.5270000Z
"gf556r",2017-04-03T08:14:00.4650000Z
"8tnx03",2017-04-02T13:50:53.5710000Z
"xp522j audi",2017-04-01T16:41:45.5530000Z
"xp522j kenteken check",2017-04-01T16:41:32.3190000Z
"xp522j",2017-04-01T16:41:19.2820000Z
"ng430p",2017-03-31T17:09:49.1430000Z
"kj814x",2017-03-31T08:56:01.1740000Z
"jh882x",2017-03-28T23:21:09.2820000Z
"39zbl1",2017-03-27T16:39:57.6760000Z
"np954t kenteken",2017-03-25T16:11:40.6190000Z
"np954t",2017-03-25T16:11:28.4060000Z
"kg809l",2017-03-25T15:45:02.7170000Z
"kg809l",2017-03-24T23:35:42.7960000Z
"kg809l",2017-03-23T18:01:15.9980000Z
"68rtvr",2017-03-22T19:26:04.6460000Z
"nk293k kenteken",2017-03-21T08:17:19.5980000Z
"nk293k",2017-03-21T08:17:09.9680000Z
"hs625l",2017-03-21T08:15:28.5730000Z
"gs 488 ferrari",2017-03-18T18:19:47.0630000Z
"kt084p",2017-03-17T21:48:28.3870000Z
"94rjtv",2017-03-17T21:48:22.7310000Z
"68rtvr",2017-03-17T21:48:15.2360000Z
"54gsj7",2017-03-17T21:48:08.6530000Z
"kg735d",2017-03-17T21:48:03.9410000Z
"jv086n",2017-03-17T21:47:59.9630000Z
"hs625l",2017-03-17T21:47:49.9780000Z
"kt084p",2017-03-15T09:04:22.5920000Z
"94rjtv",2017-03-14T18:06:38.6700000Z
"ar7562",2017-03-12T20:05:37.8730000Z
"06znb6 bmw1m",2017-03-12T20:05:16.6750000Z
"06znb6",2017-03-12T20:04:54.9120000Z
"68rtvr",2017-03-12T14:40:14.5920000Z
"5xkj61",2017-03-09T19:15:47.7820000Z
"54gsj7",2017-03-08T16:48:52.5100000Z
"kg735d",2017-03-07T11:49:38.0300000Z
"jv086n",2017-03-06T17:49:30.0510000Z
"hs625l",2017-03-06T09:41:37.3960000Z
"jv764n",2017-03-04T13:03:23.9730000Z
"ks655b",2017-02-20T18:03:14.7140000Z
"ka655b",2017-02-20T18:02:51.5230000Z
"1021vs toyota",2017-02-19T15:52:09.8190000Z
"ng043b",2017-02-19T13:54:59.6970000Z
"kg400f",2017-02-17T12:56:02.8890000Z
"1zvj41",2017-02-16T20:23:52.7300000Z
"9tfh84 honda civic type r",2017-02-16T20:23:31.1200000Z
"hj029g",2017-02-16T20:22:35.4500000Z
"28xsv2",2017-02-16T20:22:12.2090000Z
"96szzs",2017-02-16T20:21:41.7220000Z
"gj671n",2017-02-16T20:21:23.1520000Z
"5tvg02",2017-02-16T20:21:02.4010000Z
"nf026z",2017-02-16T20:20:40.8300000Z
"jl527j",2017-02-16T20:20:19.5700000Z
"gj 483 n aston martin",2017-02-15T09:33:22.0290000Z
"gj483n aston martin",2017-02-15T09:33:05.4300000Z
"gj483n",2017-02-15T09:32:51.8830000Z
"gg440p",2017-02-11T18:07:14.0710000Z
"02rgs2",2017-02-10T19:37:26.6580000Z
"9tkr69",2017-02-10T09:37:44.7950000Z
"jl527j",2017-02-08T17:55:03.0670000Z
"nf026z",2017-02-07T12:58:40.8560000Z
"868mhz raspberry pi kaku",2017-01-28T10:20:36.7290000Z
"5tvg02",2017-01-24T00:04:19.4020000Z
"5tvg02",2017-01-22T15:42:04.3120000Z
"gj671n",2017-01-22T15:04:55.3420000Z
"96szzs",2017-01-20T19:04:58.2330000Z
"28xsv2",2017-01-20T18:42:45.2420000Z
"hj029g",2017-01-17T22:53:19.8020000Z
"hj029g",2017-01-16T17:45:28.1950000Z
"2ktl02",2017-01-15T17:39:35.6110000Z
"9tfh84 honda civic type r",2017-01-15T13:33:54.6950000Z
"9tfh84",2017-01-15T13:33:30.7680000Z
"1zvj41",2017-01-14T14:59:20.7590000Z
"868mhz raspberry pi kaku",2017-01-08T13:23:25.7440000Z
"868mhz raspberry pi kaku",2017-01-07T18:05:42.3020000Z
"868mhz raspberry pi",2017-01-07T18:05:16.3230000Z
"top 50",2017-01-04T20:33:24.4830000Z
"jd817z",2016-12-24T11:43:07.9160000Z
"60tdnf",2016-12-24T11:43:02.5940000Z
"ry56ph",2016-12-24T11:42:26.5630000Z
"kj368f tesla",2016-12-24T11:42:10.0860000Z
"jrpj16",2016-12-24T11:41:03.7720000Z
"7kxt94",2016-12-24T11:40:45.5320000Z
"hg092x",2016-12-24T11:40:29.5230000Z
"hs625l",2016-12-24T11:40:12.6740000Z
"07tjr8",2016-12-24T11:39:26.2730000Z
"4zfg76",2016-12-24T11:38:56.2660000Z
"7zkk93",2016-12-24T11:38:35.1870000Z
"9skr72",2016-12-24T11:38:14.4910000Z
"jl476r",2016-12-24T11:33:39.0420000Z
"87llbf",2016-12-24T11:32:49.6710000Z
"75xrv7",2016-12-24T11:32:46.8130000Z
"ps58xb",2016-12-24T11:32:20.6720000Z
"02pdf4 audi",2016-12-24T11:31:31.8320000Z
"65gsfz ferrari",2016-12-24T11:31:10.9430000Z
"6xpt59",2016-12-24T11:30:49.8930000Z
"jn895n",2016-12-24T11:30:23.0130000Z
"kb125b",2016-12-24T11:29:58.2940000Z
"9zkk85",2016-12-24T11:29:35.7820000Z
"kl635x waterstof",2016-12-24T11:29:00.2340000Z
"kp415l",2016-12-23T21:37:21.3140000Z
"jz877s",2016-12-23T21:36:51.1490000Z
"kv961p",2016-12-23T21:36:47.0430000Z
"92xdb4",2016-12-23T21:36:40.3340000Z
"88kgr8",2016-12-23T21:35:42.5230000Z
"gv281j",2016-12-23T14:31:39.8130000Z
"65€ to dollar",2016-12-17T10:29:51.8290000Z
"92xdb4",2016-12-16T09:36:45.1110000Z
"kv961p",2016-12-15T11:00:34.1130000Z
"kv961p",2016-12-13T14:27:19.5780000Z
"jz877s",2016-12-09T22:18:37.6970000Z
"jz877s",2016-12-08T16:42:49.7020000Z
"jd817z",2016-12-07T18:26:36.9660000Z
"kp327x",2016-12-03T16:46:38.4270000Z
"jb861d",2016-12-03T16:31:54.4690000Z
"1xjh63",2016-12-01T09:34:42.2990000Z
"1xhj63",2016-12-01T09:34:21.8990000Z
"jz763t",2016-11-24T17:11:15.7390000Z
"jz673t",2016-11-24T17:11:07.4330000Z
"c# 128 bit integer",2016-11-24T10:53:09.5960000Z
"60tdnf",2016-11-23T23:10:40.1110000Z
"kp415l",2016-11-23T11:16:28.9480000Z
"8sbp57",2016-11-21T09:37:12.1500000Z
"kd576b autoweek",2016-11-19T22:19:56.1280000Z
"kd576b",2016-11-19T22:19:34.8920000Z
"kd 576 b",2016-11-19T18:07:00.1430000Z
"kb 597 b",2016-11-19T14:45:13.6720000Z
"kb579b",2016-11-19T14:45:00.6720000Z
"55pjrg",2016-11-19T14:22:29.8280000Z
"55fjrg",2016-11-19T14:22:20.0090000Z
"jl476r",2016-11-17T21:37:14.6850000Z
"jl476r",2016-11-16T16:23:57.3260000Z
"60tdnf",2016-11-15T20:16:29.1080000Z
"60tdnf",2016-11-13T17:47:11.6110000Z
"js818g",2016-11-11T08:16:56.9820000Z
"ry56ph",2016-11-10T21:12:51.7640000Z
"60tdnf",2016-11-10T18:54:26.6390000Z
"87llbf",2016-11-09T19:12:02.2780000Z
"jr168r",2016-11-03T19:12:23.1720000Z
"4TVL59",2016-07-13T12:54:30.7340000Z
"4tvl50 fiesta",2016-07-13T12:05:15.1260000Z
"4tvl50 fiesta",2016-07-12T14:40:40.2900000Z
"4tvl50",2016-07-12T14:40:31.8910000Z
"jn121t",2016-07-01T10:21:33.8350000Z
"ADA439 raspberry pi",2016-05-27T17:03:26.3660000Z
"ADA439 raspberry",2016-05-27T17:03:17.9930000Z
"gn9128 maserati",2016-05-19T14:55:34.4420000Z
"gn9128",2016-05-19T14:55:27.2750000Z
"aa2101 too long",2016-05-12T12:39:31.0000000Z
"aa2101 to long",2016-05-12T12:39:27.5860000Z
"aa2101",2016-05-12T12:39:22.1320000Z
"gd066h",2016-05-11T13:51:39.6540000Z
"gd 066 h porsche",2016-05-11T13:51:30.2970000Z
"gd 066 k porsche",2016-05-11T13:50:21.8420000Z
"gd066k porsche",2016-05-11T13:50:12.8950000Z
"gd066k",2016-05-11T13:47:43.7320000Z
"64klb8",2016-04-28T13:46:15.4600000Z
"70pgbp",2016-04-25T10:41:10.0250000Z
"99kjk4",2016-04-25T10:02:11.1680000Z
"pptl01 rdw",2016-04-15T16:32:42.4280000Z
"pptl01",2016-04-15T16:32:27.5630000Z
"1XDT65",2016-04-14T06:57:29.7170000Z
"jf976b",2016-04-11T14:50:04.1950000Z
"54$ to euro",2016-03-05T10:36:00.0410000Z
"4tvl50",2015-09-23T22:34:31.2230000Z
"51XJVB",2015-09-15T07:33:39.7850000Z
"5xtg20",2015-06-12T18:15:05.8190000Z
"ck6006 car",2015-04-08T15:22:25.3460000Z
"ck6006",2015-04-08T15:19:19.8260000Z
"ck6006",2015-04-08T14:48:17.8970000Z
"23jpf2",2015-03-26T23:44:43.8480000Z
"23jpf2",2015-03-26T19:56:49.8530000Z
"7xpb11",2015-03-12T12:03:42.0100000Z
"wrt54g",2015-02-15T01:24:36.1480000Z
"53 zfs 1",2015-02-08T20:02:50.5100000Z
"12c vs 11g",2014-11-30T22:51:11.3740000Z
"12.1.3",2014-11-30T22:50:47.2700000Z
"1171pk",2014-11-04T20:59:01.9890000Z
"gt 350 h shelby",2014-01-30T20:04:06.2520000Z
"65xtl3 mercedes SLS",2013-08-19T08:30:39.0590000Z
"65xtl3 SLS",2013-08-19T08:30:31.6290000Z
"65xtl3 mercedes",2013-08-19T08:30:08.9290000Z
